#ifndef FAIRWIND_ASSETS_BITPLANES_H
#define FAIRWIND_ASSETS_BITPLANES_H
#include <stdint.h>
static const uint16_t fairwind_palette[16]={0x0000, 0xffbb, 0x012c, 0x0315, 0x357b, 0xfe26, 0xc925, 0x2ba8, 0x428d, 0x855a, 0xebe6, 0x4163, 0xddf1, 0x08c5, 0x6dbd, 0xb265};
static const uint16_t fairwind_background_palette[16]={0x0000, 0xffbb, 0x012c, 0x0315, 0x357b, 0xfe26, 0xc925, 0x2ba8, 0x428d, 0x855a, 0xebe6, 0x4163, 0xddf1, 0x08c5, 0x6dbd, 0xb265};
static const uint16_t fairwind_logo_palette[16]={0xffff, 0xce79, 0x0000, 0x6cd9, 0x6b4d, 0x9cd3, 0xce7f, 0x9e79, 0x9e7f, 0x9cd9, 0x39a7, 0xcfff, 0x0013, 0x6cdf, 0x6b59, 0x01b3};
static const uint8_t fairwind_logo_planes[4608]={
  0x00,0x00,0x00,0x00,0x00,0x00,0x00,0x00,0x00,0x00,0x00,0x00,0x00,0x00,0x00,0x00,
  0x00,0x00,0x00,0x00,0x00,0x00,0x00,0x00,0x00,0x00,0x00,0x00,0x00,0x00,0x00,0x00,
  0x00,0x00,0x00,0x00,0x00,0x00,0x00,0x00,0x00,0x00,0x00,0x00,0x00,0x00,0x00,0x00,
  0x00,0x00,0x00,0x00,0x00,0x00,0x00,0x00,0x00,0x00,0x00,0x00,0x00,0x00,0x00,0x00,
  0x00,0x00,0x00,0x00,0x00,0x00,0x00,0x00,0x00,0x00,0x00,0x00,0x00,0x00,0x00,0x00,
  0x00,0x00,0x00,0x00,0x00,0x00,0x00,0x00,0x00,0x00,0x00,0x00,0x00,0x00,0x00,0x00,
  0x00,0x00,0x00,0x00,0x00,0x00,0x00,0x00,0x00,0x00,0x00,0x00,0x00,0x00,0x00,0x00,
  0x00,0x00,0x00,0x00,0x00,0x00,0x00,0x00,0x00,0x00,0x00,0x00,0x00,0x00,0x00,0x00,
  0x00,0x00,0x00,0x00,0x00,0x00,0x00,0x00,0x00,0x00,0x00,0x00,0x00,0x00,0x00,0x00,
  0x00,0x00,0x00,0x00,0x00,0x00,0x00,0x00,0x00,0x00,0x00,0x00,0x00,0x00,0x00,0x00,
  0x00,0x00,0x00,0x10,0x00,0x00,0x00,0x00,0x00,0x00,0x00,0x10,0x10,0x00,0x00,0x50,
  0x00,0x00,0x00,0x00,0x00,0x00,0x00,0x3f,0xfa,0x00,0x00,0xb0,0x00,0x00,0x00,0x00,
  0x00,0x00,0x00,0xe0,0x0f,0x80,0x01,0x60,0x00,0x00,0x00,0x00,0x00,0x00,0x03,0x80,
  0x01,0x80,0x02,0xe0,0x00,0x00,0x00,0x00,0x00,0x00,0x06,0x00,0x00,0x70,0x01,0xe0,
  0x00,0x00,0x00,0x00,0x00,0x00,0x08,0x00,0x00,0x30,0x05,0xe8,0x40,0x00,0x00,0x00,
  0x00,0x00,0x18,0x00,0x00,0x18,0x0b,0xef,0xe8,0x00,0x00,0x00,0x00,0x00,0x20,0x00,
  0x00,0x04,0x07,0xe8,0x38,0x00,0x00,0x00,0x00,0x00,0x40,0x00,0x00,0x06,0x17,0xe8,
  0x07,0x00,0x00,0x00,0x00,0x00,0xc0,0x00,0x00,0x01,0x6f,0xf8,0x03,0x00,0x00,0x00,
  0x00,0x00,0x80,0x00,0x00,0x00,0xcf,0xf0,0x01,0x80,0x00,0x00,0x00,0x01,0x00,0x00,
  0x00,0x00,0x5f,0xf0,0x00,0x80,0x00,0x00,0x00,0x01,0x00,0x00,0x00,0x00,0x5f,0xf4,
  0x00,0x40,0x00,0x00,0x00,0x02,0x00,0x00,0x00,0x00,0x3f,0xf4,0x00,0x60,0x00,0x00,
  0x00,0x02,0x00,0x00,0x00,0x00,0xbf,0xf8,0x00,0x20,0x00,0x00,0x00,0x06,0x00,0x00,
  0x00,0x00,0x7f,0xf8,0x00,0x30,0x00,0x00,0x00,0x04,0x00,0x00,0x00,0x01,0x7f,0xfa,
  0x00,0x18,0x00,0x00,0x00,0x06,0x00,0x00,0x00,0x00,0xff,0xfa,0x00,0x10,0x00,0x00,
  0x00,0x04,0x00,0x00,0x00,0x02,0xff,0xfc,0x00,0x08,0x00,0x00,0x00,0x0c,0x00,0x00,
  0x03,0x12,0xff,0xfc,0x00,0x18,0x00,0x00,0x00,0x04,0x00,0x00,0x00,0x01,0xff,0xfd,
  0x00,0x68,0x00,0x00,0x00,0x04,0x00,0x00,0x00,0x01,0xff,0xfd,0x00,0x00,0x00,0x00,
  0x00,0x04,0x00,0x00,0x10,0xed,0xff,0xfe,0x01,0x08,0x00,0x00,0x00,0x02,0x00,0x00,
  0x01,0x03,0xff,0xfe,0x01,0x0e,0x00,0x00,0x00,0x02,0x00,0x00,0x00,0x03,0xff,0xfe,
  0x81,0x07,0x80,0x00,0x00,0x0b,0x00,0x00,0x00,0x0b,0xff,0xfe,0x80,0x60,0xf4,0x00,
  0x00,0x1e,0x00,0x00,0x00,0x0b,0xff,0xff,0x00,0x00,0x1f,0x00,0x00,0x70,0x00,0x00,
  0x00,0x0f,0xff,0xff,0x00,0x00,0x01,0x00,0x01,0xc0,0x00,0x00,0x00,0x07,0xff,0xff,
  0x40,0x42,0x0f,0xc0,0x03,0x00,0x00,0x01,0x00,0x17,0xff,0xff,0x80,0x10,0x20,0xe0,
  0x04,0x00,0x00,0x01,0x00,0x07,0xff,0xff,0x80,0x08,0x40,0xb0,0x08,0x00,0x00,0x01,
  0x00,0x07,0xff,0xff,0xa0,0x08,0x80,0x90,0x10,0x00,0x00,0x00,0x00,0x17,0xff,0xff,
  0xa0,0x08,0x1b,0x1c,0x10,0x00,0x00,0x00,0x00,0x1f,0xff,0xff,0xc0,0x08,0x38,0x0c,
  0x30,0x00,0x00,0x00,0x00,0x0f,0xff,0xff,0xc0,0x08,0x11,0x0c,0x20,0x00,0x00,0x00,
  0x00,0x0f,0xff,0xff,0xd0,0x08,0x0a,0x04,0x20,0x00,0x00,0x00,0x00,0x0f,0xff,0xff,
  0xe0,0x08,0x8a,0x84,0x40,0x00,0x00,0x00,0x00,0x0f,0xff,0xff,0xe0,0x08,0x87,0x02,
  0x40,0x00,0x00,0x00,0x00,0x2f,0xff,0xff,0xe8,0x08,0x8b,0x02,0x20,0x00,0x00,0x00,
  0x00,0x2f,0xff,0xff,0xf8,0x08,0x8d,0x02,0x20,0x00,0x00,0x00,0x00,0x3f,0xff,0xff,
  0xf0,0x08,0x8b,0x02,0x60,0x00,0x00,0x00,0x00,0x3f,0xff,0xff,0xf4,0x08,0x97,0x04,
  0x20,0x00,0x00,0x00,0x00,0x3f,0xff,0xff,0xf4,0x08,0x9b,0x06,0x10,0x00,0x00,0x00,
  0x00,0x3f,0xff,0xff,0xf8,0x08,0x8f,0x04,0x10,0x00,0x00,0x00,0x00,0x3f,0xff,0xff,
  0xf8,0x08,0x8f,0x08,0x0c,0x00,0x00,0x00,0x00,0x3f,0xff,0xff,0xfa,0x08,0x8c,0x08,
  0x0c,0x00,0x00,0x00,0x00,0x3f,0xff,0xff,0xfe,0x08,0x8a,0x30,0x06,0x00,0x00,0x00,
  0x00,0x3f,0xff,0xff,0xfc,0x08,0x84,0x30,0x03,0x80,0x00,0x00,0x00,0x3f,0xff,0xff,
  0xfd,0x08,0x8f,0x60,0x01,0x80,0x00,0x00,0x12,0x3f,0xff,0xff,0xfd,0x90,0x80,0xc0,
  0x00,0x64,0x00,0x00,0x00,0x3f,0xff,0xff,0xfe,0x00,0x03,0x80,0x00,0x3f,0xe0,0x3c,
  0x00,0x2f,0xff,0xff,0xfe,0xf0,0x4e,0x00,0x00,0x01,0xff,0xff,0xff,0xcf,0xff,0xff,
  0xfe,0xff,0xf8,0x00,0x00,0x00,0x00,0x03,0x00,0x73,0xff,0xff,0xff,0xa7,0x00,0x00,
  0x00,0x00,0x00,0x00,0x00,0x27,0x03,0x3f,0xff,0x30,0x00,0x00,0x00,0x00,0x00,0x00,
  0x01,0x49,0xfe,0xd7,0xff,0x00,0x00,0x00,0x00,0x04,0x00,0x00,0x06,0xa0,0xbe,0x29,
  0xc7,0x40,0x00,0x00,0x00,0x00,0x80,0x00,0x21,0x01,0xff,0xf2,0x60,0xc0,0x00,0x00,
  0x00,0x07,0x28,0x00,0x58,0x1f,0x00,0x1e,0x78,0x80,0x00,0x00,0x00,0x00,0xd2,0x72,
  0x20,0x14,0x00,0x03,0xdc,0x00,0x00,0x00,0x00,0x00,0x0d,0xcd,0x00,0x30,0x00,0x02,
  0xc6,0x60,0x00,0x00,0x00,0x00,0x00,0x00,0x00,0x38,0x00,0x00,0x23,0x60,0x00,0x00,
  0x00,0x00,0x00,0x00,0x00,0x78,0x00,0x00,0x11,0x60,0x00,0x00,0x00,0x00,0x00,0x00,
  0x00,0xf8,0x00,0x00,0x00,0x00,0x00,0x00,0x00,0x00,0x00,0x00,0x0b,0xc0,0x00,0x00,
  0x00,0x00,0x00,0x00,0x00,0x00,0x00,0x00,0x06,0x00,0x00,0x00,0x03,0x50,0x00,0x00,
  0x00,0x00,0x00,0x00,0x00,0x00,0x00,0x00,0x00,0xd0,0x00,0x00,0x00,0x00,0x00,0x00,
  0x00,0x00,0x00,0x00,0x00,0xd0,0x00,0x00,0x00,0x00,0x00,0x00,0x00,0x00,0x00,0x00,
  0x00,0x00,0x00,0x00,0x00,0x00,0x00,0x00,0x00,0x00,0x00,0x00,0x00,0x00,0x00,0x00,
  0x00,0x00,0x00,0x00,0x00,0x00,0x00,0x00,0x00,0x00,0x00,0x00,0x00,0x00,0x00,0x00,
  0x00,0x00,0x00,0x00,0x00,0x00,0x00,0x00,0x00,0x00,0x00,0x00,0x00,0x00,0x00,0x00,
  0x00,0x00,0x00,0x00,0x00,0x00,0x00,0x00,0x00,0x00,0x00,0x00,0x00,0x00,0x00,0x00,
  0x00,0x00,0x00,0x00,0x00,0x00,0x00,0x00,0x00,0x00,0x00,0x00,0x00,0x00,0x00,0x00,
  0x00,0x00,0x00,0x00,0x00,0x00,0x00,0x00,0x00,0x00,0x00,0x00,0x00,0x00,0x00,0x00,
  0x00,0x00,0x00,0x00,0x00,0x00,0x00,0x00,0x00,0x00,0x00,0x00,0x00,0x00,0x00,0x00,
  0x00,0x00,0x00,0x00,0x00,0x00,0x00,0x00,0x00,0x00,0x00,0x00,0x00,0x00,0x00,0x00,
  0x00,0x00,0x00,0x00,0x00,0x00,0x00,0x00,0x00,0x00,0x00,0x00,0x00,0x00,0x00,0x00,
  0x00,0x00,0x00,0x00,0x00,0x00,0x00,0x00,0x00,0x00,0x00,0x00,0x00,0x00,0x00,0x00,
  0x00,0x00,0x00,0x00,0x00,0x00,0x00,0x00,0x00,0x00,0x00,0x00,0x00,0x00,0x00,0x00,
  0x00,0x00,0x00,0x00,0x00,0x00,0x00,0x00,0x00,0x00,0x00,0x00,0x00,0x00,0x00,0x00,
  0x00,0x00,0x00,0x00,0x00,0x00,0x00,0x00,0x00,0x00,0x00,0x00,0x00,0x00,0x00,0x00,
  0x00,0x00,0x00,0x00,0x00,0x00,0x00,0x00,0x00,0x00,0x00,0x00,0x00,0x00,0x00,0x00,
  0x00,0x00,0x00,0x00,0x00,0x00,0x00,0x00,0x00,0x00,0x00,0x00,0x00,0x00,0x00,0x00,
  0x00,0x00,0x00,0x00,0x00,0x00,0x00,0x00,0x00,0x00,0x00,0x00,0x00,0x00,0x00,0x00,
  0x00,0x00,0x00,0x00,0x00,0x00,0x00,0x00,0x00,0x00,0x00,0x00,0x00,0x00,0x00,0x00,
  0x00,0x00,0x00,0x00,0x00,0x00,0x00,0x00,0x00,0x00,0x00,0x00,0x00,0x00,0x00,0x00,
  0x00,0x00,0x00,0x00,0x00,0x00,0x00,0x00,0x00,0x00,0x00,0x00,0x00,0x00,0x00,0x00,
  0x00,0x00,0x00,0x00,0x00,0x00,0x00,0x00,0x00,0x00,0x00,0x00,0x00,0x00,0x00,0x00,
  0x00,0x00,0x00,0x00,0x00,0x00,0x00,0x00,0x00,0x00,0x00,0x18,0x30,0x00,0x00,0x20,
  0x00,0x00,0x00,0x00,0x00,0x00,0x00,0x3b,0xda,0x00,0x00,0x10,0x00,0x00,0x00,0x00,
  0x00,0x00,0x00,0xc0,0x07,0x80,0x00,0x00,0x00,0x00,0x00,0x00,0x00,0x00,0x07,0x00,
  0x01,0x80,0x01,0x00,0x00,0x00,0x00,0x00,0x00,0x00,0x06,0x00,0x00,0xb0,0x00,0x00,
  0x00,0x00,0x00,0x00,0x00,0x00,0x0c,0x00,0x00,0x38,0x04,0x08,0xc0,0x00,0x00,0x00,
  0x00,0x00,0x18,0x00,0x00,0x08,0x04,0x0c,0x68,0x00,0x00,0x00,0x00,0x00,0x60,0x00,
  0x00,0x0c,0x00,0x08,0x18,0x00,0x00,0x00,0x00,0x00,0xe0,0x00,0x00,0x06,0x00,0x00,
  0x0b,0x00,0x00,0x00,0x00,0x00,0x80,0x00,0x00,0x03,0xf0,0x00,0x03,0x00,0x00,0x00,
  0x00,0x00,0x80,0x00,0x00,0x01,0x80,0x00,0x01,0x80,0x00,0x00,0x00,0x01,0x80,0x00,
  0x00,0x00,0xe0,0x10,0x00,0x00,0x00,0x00,0x00,0x01,0x00,0x00,0x00,0x00,0x40,0x00,
  0x00,0x60,0x00,0x00,0x00,0x03,0x00,0x00,0x00,0x00,0xc0,0x00,0x00,0x20,0x00,0x00,
  0x00,0x06,0x00,0x00,0x00,0x00,0x00,0x00,0x00,0x30,0x00,0x00,0x00,0x06,0x00,0x00,
  0x00,0x00,0x00,0x10,0x00,0x20,0x00,0x00,0x00,0x06,0x00,0x00,0x00,0x00,0x00,0x10,
  0x00,0x18,0x00,0x00,0x00,0x06,0x00,0x00,0x00,0x00,0x00,0x10,0x00,0x00,0x00,0x00,
  0x00,0x04,0x00,0x00,0x00,0x00,0x00,0x00,0x00,0x10,0x00,0x00,0x00,0x0c,0x00,0x00,
  0x00,0x00,0x00,0x00,0x00,0x18,0x00,0x00,0x00,0x04,0x00,0x00,0x03,0xf0,0x00,0x00,
  0x00,0x0c,0x00,0x00,0x00,0x06,0x00,0x00,0x07,0xf8,0x00,0x20,0x00,0xe0,0x00,0x00,
  0x00,0x04,0x00,0x00,0x0f,0x04,0x00,0x20,0x00,0xf8,0x00,0x00,0x00,0x06,0x00,0x00,
  0x0e,0x00,0x00,0x20,0x00,0xf6,0x00,0x00,0x00,0x02,0x00,0x00,0x1e,0x00,0x00,0x20,
  0x00,0xe3,0xa0,0x00,0x00,0x0b,0x00,0x00,0x1c,0x00,0x00,0x20,0x00,0x01,0x74,0x00,
  0x00,0x18,0x00,0x00,0x1c,0x00,0x00,0x20,0x00,0x00,0x0f,0x00,0x00,0x60,0x00,0x00,
  0x1c,0x08,0x00,0x00,0x00,0x00,0x01,0x00,0x03,0x80,0x00,0x00,0x1c,0x00,0x00,0x00,
  0x00,0x00,0x00,0xc0,0x02,0x00,0x00,0x00,0xff,0xe0,0x00,0x40,0x00,0xe7,0x1f,0x60,
  0x06,0x00,0x00,0x00,0xff,0xf0,0x00,0x40,0x00,0xe7,0x3f,0x10,0x18,0x00,0x00,0x00,
  0xff,0xe0,0x00,0x40,0x00,0xe7,0x7f,0x10,0x18,0x00,0x00,0x00,0x1c,0x00,0x00,0x40,
  0x00,0xe7,0xe0,0x1c,0x10,0x00,0x00,0x00,0x1c,0x10,0x00,0x00,0x00,0xe7,0xc0,0x0c,
  0x30,0x00,0x00,0x00,0x1c,0x00,0x00,0x00,0x10,0xe7,0x80,0x0c,0x60,0x00,0x00,0x00,
  0x1c,0x00,0x00,0x80,0x00,0xe7,0x80,0x06,0x20,0x00,0x00,0x00,0x1c,0x00,0x00,0x80,
  0x00,0xe7,0x00,0x04,0x40,0x00,0x00,0x00,0x1c,0x00,0x00,0x80,0x00,0xe7,0x00,0x06,
  0x40,0x00,0x00,0x00,0x1c,0x00,0x00,0x00,0x00,0xe7,0x00,0x06,0x20,0x00,0x00,0x00,
  0x1c,0x00,0x00,0x00,0x08,0xe7,0x00,0x06,0x60,0x00,0x00,0x00,0x1c,0x00,0x01,0x00,
  0x00,0xe7,0x04,0x02,0x60,0x00,0x00,0x00,0x1c,0x00,0x01,0x00,0x00,0xe7,0x00,0x06,
  0x20,0x00,0x00,0x00,0x1c,0x00,0x01,0x00,0x00,0xe7,0x00,0x06,0x30,0x00,0x00,0x00,
  0x1c,0x00,0x00,0x00,0x00,0xe7,0x00,0x0c,0x10,0x00,0x00,0x00,0x1c,0x00,0x02,0x00,
  0x00,0xe7,0x00,0x0c,0x1c,0x00,0x00,0x00,0x1c,0x00,0x02,0x00,0x00,0xe7,0x01,0x08,
  0x0c,0x00,0x00,0x00,0x1c,0x00,0x00,0x00,0x02,0xe7,0x00,0x38,0x06,0x00,0x00,0x00,
  0x1c,0x00,0x04,0x00,0x00,0xe7,0x01,0x30,0x03,0x80,0x00,0x00,0x1c,0x00,0x04,0x00,
  0x00,0xe7,0x00,0xe0,0x01,0x80,0x00,0x00,0x02,0x00,0x04,0x00,0x00,0x42,0x01,0xc0,
  0x00,0xac,0x00,0x00,0x00,0x00,0x00,0x00,0x00,0x08,0x07,0x00,0x00,0x0f,0xa3,0xfc,
  0x00,0x20,0x08,0x00,0x00,0xf8,0x6c,0x00,0x00,0x02,0x31,0xff,0xff,0xcf,0xf9,0x00,
  0x00,0xff,0xf0,0x00,0x00,0x00,0x00,0x03,0xff,0xc4,0x84,0x10,0x00,0x38,0x80,0x00,
  0x00,0x00,0x00,0x00,0x00,0x1f,0x03,0xc0,0x00,0x30,0x00,0x00,0x00,0x00,0x00,0x00,
  0x00,0xda,0x09,0xdb,0x98,0x00,0x00,0x00,0x00,0x06,0x00,0x00,0x0e,0xc0,0x80,0x0a,
  0xe8,0x00,0x00,0x00,0x00,0x05,0x40,0x00,0x10,0x00,0x00,0x06,0xe0,0x00,0x00,0x00,
  0x00,0x03,0x34,0x01,0xd4,0x00,0x80,0x41,0x58,0x00,0x00,0x00,0x00,0x00,0x13,0xce,
  0x40,0x0a,0x00,0x08,0xcc,0x00,0x00,0x00,0x00,0x00,0x03,0xce,0x00,0x30,0x00,0x02,
  0x2e,0x00,0x00,0x00,0x00,0x00,0x00,0x00,0x00,0x10,0x00,0x00,0x95,0x00,0x00,0x00,
  0x00,0x00,0x00,0x00,0x00,0x00,0x00,0x00,0x2b,0x80,0x00,0x00,0x00,0x00,0x00,0x00,
  0x01,0x20,0x00,0x00,0x05,0x40,0x00,0x00,0x00,0x00,0x00,0x00,0x08,0x40,0x00,0x00,
  0x06,0x80,0x00,0x00,0x00,0x00,0x00,0x00,0x01,0x00,0x00,0x00,0x03,0x40,0x00,0x00,
  0x00,0x00,0x00,0x00,0x0c,0x00,0x00,0x00,0x00,0xc0,0x00,0x00,0x00,0x00,0x00,0x00,
  0x00,0x00,0x00,0x00,0x00,0x40,0x00,0x00,0x00,0x00,0x00,0x00,0x00,0x00,0x00,0x00,
  0x00,0x00,0x00,0x00,0x00,0x00,0x00,0x00,0x00,0x00,0x00,0x00,0x00,0x00,0x00,0x00,
  0x00,0x00,0x00,0x00,0x00,0x00,0x00,0x00,0x00,0x00,0x00,0x00,0x00,0x00,0x00,0x00,
  0x00,0x00,0x00,0x00,0x00,0x00,0x00,0x00,0x00,0x00,0x00,0x00,0x00,0x00,0x00,0x00,
  0x00,0x00,0x00,0x00,0x00,0x00,0x00,0x00,0x00,0x00,0x00,0x00,0x00,0x00,0x00,0x00,
  0x00,0x00,0x00,0x00,0x00,0x00,0x00,0x00,0x00,0x00,0x00,0x00,0x00,0x00,0x00,0x00,
  0x00,0x00,0x00,0x00,0x00,0x00,0x00,0x00,0x00,0x00,0x00,0x00,0x00,0x00,0x00,0x00,
  0x00,0x00,0x00,0x00,0x00,0x00,0x00,0x00,0x00,0x00,0x00,0x00,0x00,0x00,0x00,0x00,
  0x00,0x00,0x00,0x00,0x00,0x00,0x00,0x00,0x00,0x00,0x00,0x00,0x00,0x00,0x00,0x00,
  0x00,0x00,0x00,0x00,0x00,0x00,0x00,0x00,0x00,0x00,0x00,0x00,0x00,0x00,0x00,0x00,
  0x00,0x00,0x00,0x00,0x00,0x00,0x00,0x00,0x00,0x00,0x00,0x00,0x00,0x00,0x00,0x00,
  0x00,0x00,0x00,0x00,0x00,0x00,0x00,0x00,0x00,0x00,0x00,0x00,0x00,0x00,0x00,0x00,
  0x00,0x00,0x00,0x00,0x00,0x00,0x00,0x00,0x00,0x00,0x00,0x00,0x00,0x00,0x00,0x00,
  0x00,0x00,0x00,0x00,0x00,0x00,0x00,0x00,0x00,0x00,0x00,0x00,0x00,0x00,0x00,0x00,
  0x00,0x00,0x00,0x00,0x00,0x00,0x00,0x00,0x00,0x00,0x00,0x00,0x00,0x00,0x00,0x00,
  0x00,0x00,0x00,0x00,0x00,0x00,0x00,0x00,0x00,0x00,0x00,0x00,0x00,0x00,0x00,0x00,
  0x00,0x00,0x00,0x00,0x00,0x00,0x00,0x00,0x00,0x00,0x00,0x00,0x00,0x00,0x00,0x00,
  0x00,0x00,0x00,0x00,0x00,0x00,0x00,0x00,0x00,0x00,0x00,0x00,0x00,0x00,0x00,0x00,
  0x00,0x00,0x00,0x00,0x00,0x00,0x00,0x00,0x00,0x00,0x00,0x00,0x00,0x00,0x00,0x00,
  0x00,0x00,0x00,0x00,0x00,0x00,0x00,0x00,0x00,0x00,0x00,0x00,0x00,0x00,0x00,0x00,
  0x00,0x00,0x00,0x00,0x00,0x00,0x00,0x00,0x00,0x00,0x00,0x00,0x00,0x00,0x00,0x00,
  0x00,0x00,0x00,0x30,0x00,0x00,0x00,0x00,0x00,0x00,0x00,0x08,0x20,0x00,0x00,0x50,
  0x00,0x00,0x00,0x00,0x00,0x00,0x00,0x03,0xc0,0x00,0x00,0xe0,0x00,0x00,0x00,0x00,
  0x00,0x00,0x00,0x00,0x05,0x00,0x00,0xb0,0x00,0x00,0x00,0x00,0x00,0x00,0x04,0x00,
  0x01,0x00,0x00,0x30,0x00,0x00,0x00,0x00,0x00,0x00,0x02,0x00,0x00,0x80,0x03,0x10,
  0x00,0x00,0x00,0x00,0x00,0x00,0x04,0x00,0x00,0x28,0x02,0x18,0x80,0x00,0x00,0x00,
  0x00,0x00,0x00,0x00,0x00,0x00,0x00,0x14,0x00,0x00,0x00,0x00,0x00,0x00,0x40,0x00,
  0x00,0x08,0x0c,0x18,0x10,0x00,0x00,0x00,0x00,0x00,0xa0,0x00,0x00,0x00,0x18,0x18,
  0x08,0x00,0x00,0x00,0x00,0x00,0x00,0x00,0x00,0x02,0x80,0x18,0x02,0x00,0x00,0x00,
  0x00,0x00,0x00,0x00,0x00,0x01,0x70,0x18,0x01,0x00,0x00,0x00,0x00,0x00,0x80,0x00,
  0x00,0x00,0xc0,0x18,0x00,0x00,0x00,0x00,0x00,0x01,0x00,0x00,0x00,0x00,0x20,0x08,
  0x00,0x20,0x00,0x00,0x00,0x01,0x00,0x00,0x00,0x00,0x80,0x0c,0x00,0x00,0x00,0x00,
  0x00,0x04,0x00,0x00,0x00,0x00,0xc0,0x0c,0x00,0x10,0x00,0x00,0x00,0x06,0x00,0x00,
  0x00,0x00,0x80,0x14,0x00,0x20,0x00,0x00,0x00,0x02,0x00,0x00,0x00,0x00,0x80,0x14,
  0x00,0x00,0x00,0x00,0x00,0x00,0x00,0x00,0x00,0x01,0x80,0x16,0x00,0x00,0x00,0x00,
  0x00,0x00,0x00,0x00,0x00,0x01,0x00,0x06,0x00,0x10,0x00,0x00,0x00,0x00,0x00,0x00,
  0x01,0xf3,0x00,0x02,0x00,0x00,0x00,0x00,0x00,0x00,0x00,0x00,0x04,0x0b,0x00,0x02,
  0x00,0x04,0x00,0x00,0x00,0x02,0x00,0x00,0x08,0x02,0x00,0x23,0x00,0x10,0x00,0x00,
  0x00,0x04,0x00,0x00,0x00,0xfe,0x00,0x23,0x01,0x08,0x00,0x00,0x00,0x04,0x00,0x00,
  0x10,0x06,0x00,0x21,0x01,0x00,0x00,0x00,0x00,0x00,0x00,0x00,0x00,0x04,0x00,0x21,
  0x00,0x10,0x20,0x00,0x00,0x00,0x00,0x00,0x02,0x04,0x00,0x21,0x80,0x01,0x40,0x00,
  0x00,0x00,0x00,0x00,0x02,0x0c,0x00,0x21,0x80,0x00,0x08,0x00,0x00,0x00,0x00,0x00,
  0x02,0x04,0x00,0x00,0x80,0x00,0x00,0x00,0x02,0x00,0x00,0x00,0x02,0x0c,0x00,0x00,
  0x80,0x00,0x04,0x00,0x00,0x00,0x00,0x00,0x00,0x18,0x00,0x40,0xc0,0x10,0x20,0x40,
  0x02,0x00,0x00,0x01,0x00,0x08,0x00,0x40,0x40,0x10,0x40,0x00,0x10,0x00,0x00,0x00,
  0x00,0x18,0x00,0x40,0x40,0x10,0x80,0x00,0x08,0x00,0x00,0x00,0x02,0x18,0x00,0x40,
  0x60,0x10,0x11,0x00,0x10,0x00,0x00,0x00,0x02,0x08,0x00,0x00,0x60,0x10,0x20,0x0c,
  0x00,0x00,0x00,0x00,0x02,0x18,0x00,0x00,0x30,0x10,0x5f,0x00,0x40,0x00,0x00,0x00,
  0x02,0x10,0x00,0x80,0x30,0x10,0x09,0x02,0x20,0x00,0x00,0x00,0x02,0x10,0x00,0x80,
  0x30,0x10,0x8f,0x04,0x40,0x00,0x00,0x00,0x02,0x10,0x00,0x80,0x10,0x10,0x82,0x06,
  0x40,0x00,0x00,0x00,0x02,0x10,0x00,0x00,0x10,0x10,0x8f,0x06,0x20,0x00,0x00,0x00,
  0x02,0x10,0x00,0x00,0x10,0x10,0x88,0x06,0x40,0x00,0x00,0x00,0x02,0x10,0x01,0x00,
  0x18,0x10,0x8a,0x02,0x00,0x00,0x00,0x00,0x02,0x30,0x01,0x00,0x08,0x10,0x81,0x06,
  0x00,0x00,0x00,0x00,0x02,0x30,0x01,0x00,0x0c,0x10,0x87,0x00,0x20,0x00,0x00,0x00,
  0x02,0x30,0x00,0x00,0x0c,0x10,0x84,0x08,0x00,0x00,0x00,0x00,0x02,0x30,0x02,0x00,
  0x04,0x10,0x86,0x04,0x10,0x00,0x00,0x00,0x02,0x30,0x02,0x00,0x04,0x10,0x86,0x00,
  0x08,0x00,0x00,0x00,0x02,0x30,0x00,0x00,0x04,0x10,0x86,0x08,0x04,0x00,0x00,0x00,
  0x02,0x30,0x04,0x00,0x02,0x10,0x82,0x10,0x02,0x00,0x00,0x00,0x02,0x30,0x04,0x00,
  0x02,0x10,0x8e,0xa0,0x01,0x00,0x00,0x00,0x1e,0x30,0x04,0x00,0x03,0xa5,0x01,0x40,
  0x00,0x88,0x00,0x00,0x00,0x30,0x00,0x00,0x03,0x08,0x04,0x00,0x00,0x00,0x23,0xc0,
  0x00,0x30,0x08,0x00,0x01,0x88,0x20,0x00,0x00,0x02,0x30,0x00,0x00,0x30,0x01,0x00,
  0x01,0x00,0x10,0x00,0x00,0x00,0x00,0x00,0xff,0x94,0x80,0x10,0x01,0x98,0x80,0x00,
  0x00,0x00,0x00,0x00,0x00,0x0f,0xff,0xc0,0x01,0xb0,0x00,0x00,0x00,0x00,0x00,0x00,
  0x00,0xee,0x09,0xf8,0x18,0x80,0x00,0x00,0x00,0x02,0x00,0x00,0x0b,0xd0,0x3e,0x1e,
  0xa8,0x80,0x00,0x00,0x00,0x07,0x40,0x00,0x1e,0x11,0xff,0xf7,0xc0,0x40,0x00,0x00,
  0x00,0x01,0xf4,0x01,0xf4,0x17,0x80,0x5f,0xd0,0x40,0x00,0x00,0x00,0x00,0x3f,0x8f,
  0xc0,0x1e,0x00,0x0b,0x68,0x40,0x00,0x00,0x00,0x00,0x03,0xfe,0x00,0x18,0x00,0x00,
  0xfc,0x40,0x00,0x00,0x00,0x00,0x00,0x00,0x00,0x38,0x00,0x00,0xbd,0x60,0x00,0x00,
  0x00,0x00,0x00,0x00,0x00,0x78,0x00,0x00,0x3e,0xa0,0x00,0x00,0x00,0x00,0x00,0x00,
  0x01,0xc0,0x00,0x00,0x07,0x60,0x00,0x00,0x00,0x00,0x00,0x00,0x03,0x80,0x00,0x00,
  0x07,0xa0,0x00,0x00,0x00,0x00,0x00,0x00,0x07,0x00,0x00,0x00,0x01,0xa0,0x00,0x00,
  0x00,0x00,0x00,0x00,0x0c,0x00,0x00,0x00,0x00,0xe0,0x00,0x00,0x00,0x00,0x00,0x00,
  0x00,0x00,0x00,0x00,0x00,0x60,0x00,0x00,0x00,0x00,0x00,0x00,0x00,0x00,0x00,0x00,
  0x00,0x00,0x00,0x00,0x00,0x00,0x00,0x00,0x00,0x00,0x00,0x00,0x00,0x00,0x00,0x00,
  0x00,0x00,0x00,0x00,0x00,0x00,0x00,0x00,0x00,0x00,0x00,0x00,0x00,0x00,0x00,0x00,
  0x00,0x00,0x00,0x00,0x00,0x00,0x00,0x00,0x00,0x00,0x00,0x00,0x00,0x00,0x00,0x00,
  0x00,0x00,0x00,0x00,0x00,0x00,0x00,0x00,0x00,0x00,0x00,0x00,0x00,0x00,0x00,0x00,
  0x00,0x00,0x00,0x00,0x00,0x00,0x00,0x00,0x00,0x00,0x00,0x00,0x00,0x00,0x00,0x00,
  0x00,0x00,0x00,0x00,0x00,0x00,0x00,0x00,0x00,0x00,0x00,0x00,0x00,0x00,0x00,0x00,
  0x00,0x00,0x00,0x00,0x00,0x00,0x00,0x00,0x00,0x00,0x00,0x00,0x00,0x00,0x00,0x00,
  0x00,0x00,0x00,0x00,0x00,0x00,0x00,0x00,0x00,0x00,0x00,0x00,0x00,0x00,0x00,0x00,
  0x00,0x00,0x00,0x00,0x00,0x00,0x00,0x00,0x00,0x00,0x00,0x00,0x00,0x00,0x00,0x00,
  0x00,0x00,0x00,0x00,0x00,0x00,0x00,0x00,0x00,0x00,0x00,0x00,0x00,0x00,0x00,0x00,
  0x00,0x00,0x00,0x00,0x00,0x00,0x00,0x00,0x00,0x00,0x00,0x00,0x00,0x00,0x00,0x00,
  0x00,0x00,0x00,0x00,0x00,0x00,0x00,0x00,0x00,0x00,0x00,0x00,0x00,0x00,0x00,0x00,
  0x00,0x00,0x00,0x00,0x00,0x00,0x00,0x00,0x00,0x00,0x00,0x00,0x00,0x00,0x00,0x00,
  0x00,0x00,0x00,0x00,0x00,0x00,0x00,0x00,0x00,0x00,0x00,0x00,0x00,0x00,0x00,0x00,
  0x00,0x00,0x00,0x00,0x00,0x00,0x00,0x00,0x00,0x00,0x00,0x00,0x00,0x00,0x00,0x00,
  0x00,0x00,0x00,0x00,0x00,0x00,0x00,0x00,0x00,0x00,0x00,0x00,0x00,0x00,0x00,0x00,
  0x00,0x00,0x00,0x00,0x00,0x00,0x00,0x00,0x00,0x00,0x00,0x00,0x00,0x00,0x00,0x00,
  0x00,0x00,0x00,0x00,0x00,0x00,0x00,0x00,0x00,0x00,0x00,0x00,0x00,0x00,0x00,0x00,
  0x00,0x00,0x00,0x00,0x00,0x00,0x00,0x00,0x00,0x00,0x00,0x00,0x00,0x00,0x00,0x00,
  0x00,0x00,0x00,0x00,0x00,0x00,0x00,0x00,0x00,0x00,0x00,0x00,0x00,0x00,0x00,0x00,
  0x00,0x00,0x00,0x00,0x00,0x00,0x00,0x00,0x00,0x00,0x00,0x17,0xd0,0x00,0x00,0x20,
  0x00,0x00,0x00,0x00,0x00,0x00,0x00,0x44,0x26,0x00,0x00,0x00,0x00,0x00,0x00,0x00,
  0x00,0x00,0x01,0x00,0x00,0x80,0x00,0x00,0x00,0x00,0x00,0x00,0x00,0x00,0x00,0x00,
  0x00,0x40,0x01,0x00,0x00,0x00,0x00,0x00,0x00,0x00,0x08,0x00,0x00,0x50,0x00,0x00,
  0x00,0x00,0x00,0x00,0x00,0x00,0x10,0x00,0x00,0x00,0x00,0x07,0x40,0x00,0x00,0x00,
  0x00,0x00,0x28,0x00,0x00,0x04,0x04,0x03,0x98,0x00,0x00,0x00,0x00,0x00,0x00,0x00,
  0x00,0x02,0x00,0x00,0x04,0x00,0x00,0x00,0x00,0x00,0x00,0x00,0x00,0x05,0x00,0x00,
  0x05,0x00,0x00,0x00,0x00,0x00,0x00,0x00,0x00,0x00,0x50,0x00,0x00,0x00,0x00,0x00,
  0x00,0x01,0x00,0x00,0x00,0x00,0x40,0x00,0x00,0x00,0x00,0x00,0x00,0x00,0x00,0x00,
  0x00,0x00,0x20,0x00,0x00,0xc0,0x00,0x00,0x00,0x02,0x00,0x00,0x00,0x00,0x00,0x00,
  0x00,0x00,0x00,0x00,0x00,0x00,0x00,0x00,0x00,0x00,0x40,0x00,0x00,0x00,0x00,0x00,
  0x00,0x00,0x00,0x00,0x00,0x00,0x00,0x00,0x00,0x00,0x00,0x00,0x00,0x00,0x00,0x00,
  0x00,0x00,0x00,0x00,0x00,0x10,0x00,0x00,0x00,0x00,0x00,0x00,0x00,0x01,0x00,0x00,
  0x00,0x08,0x00,0x00,0x00,0x02,0x00,0x00,0x00,0x00,0x00,0x00,0x00,0x18,0x00,0x00,
  0x00,0x00,0x00,0x00,0x00,0x00,0x00,0x00,0x00,0x08,0x00,0x00,0x00,0x08,0x00,0x00,
  0x00,0x00,0x00,0x00,0x00,0x10,0x00,0x00,0x00,0x00,0x00,0x00,0x00,0x00,0x00,0x00,
  0x00,0x00,0x00,0x00,0x00,0x00,0x00,0x00,0x00,0x08,0x00,0x00,0x00,0x8c,0x00,0x00,
  0x00,0x02,0x00,0x00,0x00,0x00,0x00,0x00,0x00,0x14,0x00,0x00,0x00,0x00,0x00,0x00,
  0x00,0x00,0x00,0x00,0x00,0x02,0x00,0x00,0x00,0x01,0x00,0x00,0x12,0x00,0x00,0x00,
  0x00,0x84,0x40,0x00,0x00,0x0c,0x00,0x00,0x10,0x00,0x00,0x00,0x00,0x00,0x0c,0x00,
  0x00,0x24,0x00,0x00,0x10,0x00,0x00,0x00,0x00,0x00,0x01,0x00,0x00,0x80,0x00,0x00,
  0x10,0x00,0x00,0x00,0x00,0x00,0x02,0x80,0x00,0x00,0x00,0x00,0x10,0x00,0x00,0x00,
  0x40,0x00,0x00,0x00,0x04,0x00,0x00,0x00,0xe1,0xe0,0x00,0x00,0x00,0x85,0x11,0x00,
  0x08,0x00,0x00,0x00,0x00,0x10,0x00,0x00,0x00,0x00,0x00,0x20,0x00,0x00,0x00,0x00,
  0x80,0x00,0x00,0x00,0x00,0x81,0x00,0x08,0x00,0x00,0x00,0x00,0x10,0x00,0x00,0x00,
  0x00,0x00,0x00,0x14,0x20,0x00,0x00,0x00,0x10,0x00,0x00,0x00,0x00,0x00,0x00,0x00,
  0x10,0x00,0x00,0x00,0x10,0x00,0x00,0x00,0x00,0x00,0x00,0x08,0x00,0x00,0x00,0x00,
  0x10,0x00,0x00,0x00,0x00,0x00,0x80,0x00,0x40,0x00,0x00,0x00,0x10,0x00,0x00,0x00,
  0x00,0x00,0x00,0x02,0x20,0x00,0x00,0x00,0x10,0x00,0x00,0x00,0x00,0x00,0x00,0x00,
  0x20,0x00,0x00,0x00,0x10,0x00,0x00,0x00,0x00,0x00,0x00,0x00,0x40,0x00,0x00,0x00,
  0x10,0x00,0x00,0x00,0x00,0x00,0x00,0x00,0x00,0x00,0x00,0x00,0x10,0x00,0x00,0x00,
  0x00,0x00,0x04,0x04,0x40,0x00,0x00,0x00,0x10,0x00,0x00,0x00,0x00,0x00,0x00,0x00,
  0x10,0x00,0x00,0x00,0x10,0x00,0x00,0x00,0x00,0x00,0x00,0x02,0x00,0x00,0x00,0x00,
  0x10,0x00,0x00,0x00,0x00,0x00,0x00,0x00,0x08,0x00,0x00,0x00,0x10,0x00,0x00,0x00,
  0x00,0x00,0x00,0x00,0x04,0x00,0x00,0x00,0x10,0x00,0x00,0x00,0x00,0x00,0x01,0x10,
  0x00,0x00,0x00,0x00,0x10,0x00,0x00,0x00,0x00,0x00,0x00,0x20,0x00,0x00,0x00,0x00,
  0x10,0x00,0x00,0x00,0x00,0x80,0x01,0x00,0x00,0x80,0x00,0x00,0x00,0x00,0x00,0x00,
  0x00,0x00,0x00,0x00,0x00,0x40,0x00,0x00,0x00,0x00,0x00,0x00,0x00,0x42,0x00,0x00,
  0x00,0x54,0x00,0x00,0x00,0x00,0x00,0x00,0x00,0x10,0x00,0x00,0x00,0x10,0x5c,0x3c,
  0x00,0x00,0x00,0x00,0x00,0x00,0x50,0x00,0x00,0x00,0x0e,0x00,0x00,0x00,0x06,0x00,
  0x00,0x00,0x00,0x00,0x00,0x00,0x00,0x03,0x00,0x40,0x7b,0xe0,0x00,0x40,0x00,0x00,
  0x00,0x00,0x00,0x00,0x00,0x1f,0xff,0xfe,0x00,0x00,0x00,0x00,0x00,0x00,0x00,0x00,
  0x00,0xeb,0x87,0xfc,0x00,0x00,0x00,0x00,0x00,0x04,0x00,0x00,0x03,0xe0,0xff,0xef,
  0x00,0x00,0x00,0x00,0x00,0x07,0x80,0x00,0x3d,0x03,0xff,0xff,0x90,0x00,0x00,0x00,
  0x00,0x01,0xf8,0x00,0xf8,0x07,0x00,0x3f,0xe0,0x00,0x00,0x00,0x00,0x00,0x5f,0xbf,
  0xc0,0x0c,0x00,0x07,0x70,0x00,0x00,0x00,0x00,0x00,0x07,0xff,0x00,0x30,0x00,0x03,
  0xf8,0x00,0x00,0x00,0x00,0x00,0x00,0x00,0x00,0x30,0x00,0x00,0x7e,0x00,0x00,0x00,
  0x00,0x00,0x00,0x00,0x00,0x60,0x00,0x00,0x1e,0x00,0x00,0x00,0x00,0x00,0x00,0x00,
  0x00,0xe8,0x00,0x00,0x0f,0x80,0x00,0x00,0x00,0x00,0x00,0x00,0x0f,0xc0,0x00,0x00,
  0x03,0xc0,0x00,0x00,0x00,0x00,0x00,0x00,0x0e,0x00,0x00,0x00,0x03,0x80,0x00,0x00,
  0x00,0x00,0x00,0x00,0x00,0x00,0x00,0x00,0x00,0xc0,0x00,0x00,0x00,0x00,0x00,0x00,
  0x00,0x00,0x00,0x00,0x00,0x40,0x00,0x00,0x00,0x00,0x00,0x00,0x00,0x00,0x00,0x00,
  0x00,0x00,0x00,0x00,0x00,0x00,0x00,0x00,0x00,0x00,0x00,0x00,0x00,0x00,0x00,0x00,
  0x00,0x00,0x00,0x00,0x00,0x00,0x00,0x00,0x00,0x00,0x00,0x00,0x00,0x00,0x00,0x00,
  0x00,0x00,0x00,0x00,0x00,0x00,0x00,0x00,0x00,0x00,0x00,0x00,0x00,0x00,0x00,0x00,
  0x00,0x00,0x00,0x00,0x00,0x00,0x00,0x00,0x00,0x00,0x00,0x00,0x00,0x00,0x00,0x00,
  0x00,0x00,0x00,0x00,0x00,0x00,0x00,0x00,0x00,0x00,0x00,0x00,0x00,0x00,0x00,0x00,
  0x00,0x00,0x00,0x00,0x00,0x00,0x00,0x00,0x00,0x00,0x00,0x00,0x00,0x00,0x00,0x00,
  0x00,0x00,0x00,0x00,0x00,0x00,0x00,0x00,0x00,0x00,0x00,0x00,0x00,0x00,0x00,0x00,
  0x00,0x00,0x00,0x00,0x00,0x00,0x00,0x00,0x00,0x00,0x00,0x00,0x00,0x00,0x00,0x00,
  0x00,0x00,0x00,0x00,0x00,0x00,0x00,0x00,0x00,0x00,0x00,0x00,0x00,0x00,0x00,0x00,
  0x00,0x00,0x00,0x00,0x00,0x00,0x00,0x00,0x00,0x00,0x00,0x00,0x00,0x00,0x00,0x00,
};
static const uint8_t fairwind_cup_planes[640]={
  0x00,0x00,0x00,0x00,0x00,0x00,0x00,0x00,0x00,0x00,0x00,0x00,0x00,0x00,0x00,0x00,
  0x00,0x00,0x00,0x00,0x00,0xff,0xff,0x80,0x00,0xff,0xff,0x80,0x03,0xc0,0x01,0xe0,
  0x0f,0xc0,0x01,0xf8,0x1f,0x40,0x01,0xfc,0x1c,0x40,0x01,0x1c,0x38,0x7f,0xff,0x0e,
  0x38,0x7f,0xff,0x0e,0x70,0x7f,0xff,0x07,0x70,0x3f,0xfe,0x07,0x70,0x3f,0xfe,0x07,
  0x70,0x3f,0xfe,0x07,0x70,0x3f,0xfe,0x07,0x70,0x3f,0xfe,0x07,0x70,0x3f,0xfe,0x07,
  0x38,0x1f,0xfc,0x0e,0x38,0x1f,0xfc,0x0e,0x1c,0x1f,0xfc,0x1c,0x1f,0x0f,0xf8,0xfc,
  0x0f,0x87,0xf0,0xf8,0x03,0x87,0xf0,0xe0,0x00,0x03,0xe0,0x00,0x00,0x01,0xc0,0x00,
  0x00,0x01,0xc0,0x00,0x00,0x01,0xc0,0x00,0x00,0x01,0xc0,0x00,0x00,0x01,0xc0,0x00,
  0x00,0x01,0xc0,0x00,0x00,0x01,0xc0,0x00,0x00,0x1f,0xfc,0x00,0x01,0xff,0xff,0xc0,
  0x01,0xff,0xff,0xc0,0x01,0xff,0xff,0xc0,0x01,0xff,0xff,0xc0,0x00,0x00,0x00,0x00,
  0x00,0x00,0x00,0x00,0x00,0x00,0x00,0x00,0x00,0x00,0x00,0x00,0x00,0x00,0x00,0x00,
  0x00,0x00,0x00,0x00,0x00,0x00,0x00,0x00,0x00,0x00,0x00,0x00,0x00,0x3f,0xfe,0x00,
  0x00,0x3f,0xfe,0x00,0x00,0x3f,0xfe,0x00,0x00,0x3f,0xfe,0x00,0x00,0x00,0x00,0x00,
  0x00,0x00,0x00,0x00,0x00,0x00,0x00,0x00,0x00,0x00,0x00,0x00,0x00,0x00,0x00,0x00,
  0x00,0x00,0x00,0x00,0x00,0x00,0x00,0x00,0x00,0x00,0x00,0x00,0x00,0x00,0x00,0x00,
  0x00,0x00,0x00,0x00,0x00,0x00,0x00,0x00,0x00,0x00,0x00,0x00,0x00,0x00,0x00,0x00,
  0x00,0x00,0x00,0x00,0x00,0x00,0x00,0x00,0x00,0x00,0x00,0x00,0x00,0x00,0x00,0x00,
  0x00,0x00,0x00,0x00,0x00,0x00,0x00,0x00,0x00,0x00,0x00,0x00,0x00,0x00,0x00,0x00,
  0x00,0x00,0x00,0x00,0x00,0x00,0x00,0x00,0x00,0x00,0x00,0x00,0x00,0x00,0x00,0x00,
  0x00,0x00,0x00,0x00,0x00,0x00,0x00,0x00,0x00,0x00,0x00,0x00,0x00,0x00,0x00,0x00,
  0x00,0x00,0x00,0x00,0x00,0x00,0x00,0x00,0x00,0x00,0x00,0x00,0x00,0x00,0x00,0x00,
  0x00,0x00,0x00,0x00,0x00,0xff,0xff,0x80,0x00,0xff,0xff,0x80,0x03,0xc0,0x01,0xe0,
  0x0f,0xc0,0x01,0xf8,0x1f,0x40,0x01,0xfc,0x1c,0x40,0x01,0x1c,0x38,0x7f,0xff,0x0e,
  0x38,0x7f,0xff,0x0e,0x70,0x7f,0xff,0x07,0x70,0x3f,0xfe,0x07,0x70,0x3f,0xfe,0x07,
  0x70,0x3f,0xfe,0x07,0x70,0x3f,0xfe,0x07,0x70,0x3f,0xfe,0x07,0x70,0x3f,0xfe,0x07,
  0x38,0x1f,0xfc,0x0e,0x38,0x1f,0xfc,0x0e,0x1c,0x1f,0xfc,0x1c,0x1f,0x0f,0xf8,0xfc,
  0x0f,0x87,0xf0,0xf8,0x03,0x87,0xf0,0xe0,0x00,0x03,0xe0,0x00,0x00,0x01,0xc0,0x00,
  0x00,0x01,0xc0,0x00,0x00,0x01,0xc0,0x00,0x00,0x01,0xc0,0x00,0x00,0x01,0xc0,0x00,
  0x00,0x01,0xc0,0x00,0x00,0x01,0xc0,0x00,0x00,0x1f,0xfc,0x00,0x01,0xff,0xff,0xc0,
  0x01,0xff,0xff,0xc0,0x01,0xff,0xff,0xc0,0x01,0xff,0xff,0xc0,0x00,0x00,0x00,0x00,
  0x00,0x00,0x00,0x00,0x00,0x00,0x00,0x00,0x00,0x00,0x00,0x00,0x00,0x00,0x00,0x00,
  0x00,0x00,0x00,0x00,0x00,0x00,0x00,0x00,0x00,0x00,0x00,0x00,0x00,0x3f,0xfe,0x00,
  0x00,0x3f,0xfe,0x00,0x00,0x3f,0xfe,0x00,0x00,0x3f,0xfe,0x00,0x00,0x00,0x00,0x00,
  0x00,0x00,0x00,0x00,0x00,0x00,0x00,0x00,0x00,0x00,0x00,0x00,0x00,0x00,0x00,0x00,
  0x00,0x00,0x00,0x00,0x00,0x00,0x00,0x00,0x00,0x00,0x00,0x00,0x00,0x00,0x00,0x00,
  0x00,0x00,0x00,0x00,0x00,0x00,0x00,0x00,0x00,0x00,0x00,0x00,0x00,0x00,0x00,0x00,
  0x00,0x00,0x00,0x00,0x00,0x00,0x00,0x00,0x00,0x00,0x00,0x00,0x00,0x00,0x00,0x00,
  0x00,0x00,0x00,0x00,0x00,0x00,0x00,0x00,0x00,0x00,0x00,0x00,0x00,0x00,0x00,0x00,
  0x00,0x00,0x00,0x00,0x00,0x00,0x00,0x00,0x00,0x00,0x00,0x00,0x00,0x00,0x00,0x00,
  0x00,0x00,0x00,0x00,0x00,0x00,0x00,0x00,0x00,0x00,0x00,0x00,0x00,0x00,0x00,0x00,
};
static const uint8_t fairwind_background_rle8[15678]={
  0xe8,0x0e,0x02,0x09,0x02,0x01,0x01,0x09,0x53,0x0e,0xdd,0x0e,0x02,0x09,0x03,0x01,
  0x01,0x09,0x01,0x0e,0x03,0x09,0x0b,0x01,0x01,0x09,0x02,0x0e,0x04,0x09,0x06,0x0e,
  0x01,0x09,0x01,0x01,0x01,0x09,0x03,0x01,0x01,0x09,0x3a,0x0e,0x12,0x0e,0x01,0x09,
  0x01,0x01,0x01,0x09,0x07,0x01,0x01,0x09,0x02,0x0e,0x03,0x09,0xaa,0x0e,0x02,0x09,
  0x03,0x01,0x01,0x09,0x01,0x01,0x01,0x09,0x06,0x0e,0x06,0x09,0x01,0x01,0x02,0x09,
  0x03,0x01,0x01,0x09,0x01,0x01,0x05,0x09,0x01,0x01,0x01,0x09,0x1e,0x01,0x03,0x09,
  0x03,0x0e,0x04,0x09,0x29,0x0e,0x0b,0x0e,0x02,0x09,0x01,0x0e,0x03,0x09,0x02,0x01,
  0x01,0x09,0x02,0x01,0x03,0x09,0x0a,0x01,0x02,0x09,0x02,0x01,0x03,0x0e,0x01,0x09,
  0x96,0x0e,0x01,0x09,0x01,0x01,0x03,0x0e,0x01,0x09,0x01,0x0e,0x02,0x09,0x02,0x01,
  0x01,0x09,0x08,0x01,0x02,0x09,0x01,0x01,0x01,0x09,0x02,0x0e,0x02,0x09,0x01,0x0e,
  0x01,0x09,0x03,0x0e,0x0e,0x09,0x01,0x01,0x03,0x09,0x09,0x01,0x02,0x09,0x02,0x0e,
  0x02,0x09,0x02,0x0e,0x01,0x09,0x05,0x0e,0x02,0x09,0x33,0x0e,0x04,0x0e,0x02,0x09,
  0x09,0x0e,0x02,0x09,0x04,0x0e,0x02,0x09,0x01,0x0e,0x05,0x09,0x01,0x0e,0x03,0x09,
  0x02,0x0e,0x01,0x09,0x01,0x0e,0x01,0x09,0x07,0x0e,0x01,0x09,0x04,0x0e,0x02,0x09,
  0x04,0x01,0x02,0x09,0x03,0x01,0x02,0x09,0x02,0x0e,0x01,0x09,0x01,0x01,0x01,0x09,
  0x01,0x0e,0x01,0x09,0x4c,0x0e,0x03,0x09,0x32,0x0e,0x01,0x09,0x03,0x0e,0x04,0x09,
  0x06,0x0e,0x03,0x09,0x01,0x0e,0x02,0x09,0x05,0x0e,0x01,0x09,0x09,0x0e,0x02,0x09,
  0x44,0x0e,0x01,0x09,0x01,0x0e,0x01,0x09,0x06,0x01,0x07,0x0e,0x04,0x0e,0x01,0x04,
  0x01,0x09,0x02,0x0e,0x01,0x04,0x03,0x08,0x09,0x0c,0x01,0x09,0x04,0x0e,0x03,0x09,
  0x53,0x0e,0x02,0x09,0x03,0x0e,0x02,0x09,0x02,0x01,0x01,0x09,0x02,0x0e,0x02,0x09,
  0x09,0x0e,0x03,0x09,0x03,0x01,0x02,0x09,0x0a,0x01,0x02,0x09,0x05,0x01,0x01,0x09,
  0x67,0x0e,0x01,0x09,0x04,0x0e,0x01,0x04,0x04,0x09,0x0e,0x0e,0x01,0x09,0x02,0x0e,
  0x01,0x09,0x03,0x01,0x01,0x09,0x01,0x0e,0x01,0x09,0x02,0x01,0x03,0x09,0x03,0x01,
  0x01,0x09,0x08,0x01,0x01,0x09,0x01,0x0e,0x01,0x09,0x01,0x01,0x01,0x09,0x02,0x03,
  0x01,0x08,0x01,0x03,0x1d,0x08,0x02,0x03,0x01,0x08,0x01,0x03,0x02,0x08,0x01,0x09,
  0x01,0x0e,0x01,0x04,0x3f,0x0e,0x01,0x09,0x06,0x0e,0x01,0x09,0x02,0x0e,0x02,0x09,
  0x01,0x0e,0x04,0x09,0x01,0x0e,0x02,0x09,0x01,0x0e,0x02,0x09,0x01,0x01,0x01,0x09,
  0x04,0x01,0x01,0x09,0x01,0x0e,0x03,0x09,0x0a,0x0e,0x01,0x09,0x01,0x0e,0x05,0x09,
  0x01,0x0e,0x01,0x09,0x03,0x0e,0x01,0x09,0x02,0x0e,0x01,0x09,0x5d,0x0e,0x07,0x04,
  0x01,0x09,0x02,0x04,0x0b,0x09,0x0a,0x0e,0x01,0x09,0x08,0x0e,0x05,0x09,0x02,0x0e,
  0x0b,0x09,0x01,0x0e,0x01,0x09,0x02,0x0e,0x07,0x08,0x01,0x0c,0x02,0x08,0x01,0x09,
  0x02,0x0c,0x02,0x08,0x01,0x03,0x0d,0x08,0x01,0x03,0x09,0x08,0x01,0x03,0x09,0x08,
  0x03,0x09,0x08,0x0e,0x01,0x09,0x03,0x08,0x04,0x0c,0x01,0x09,0x0c,0x0e,0x01,0x09,
  0x02,0x0e,0x02,0x09,0x01,0x01,0x01,0x09,0x02,0x0e,0x02,0x09,0x01,0x0e,0x04,0x09,
  0x02,0x01,0x01,0x09,0x01,0x0e,0x01,0x09,0x3b,0x0e,0x01,0x09,0x02,0x0e,0x01,0x09,
  0x01,0x01,0x04,0x09,0x11,0x01,0x03,0x09,0x02,0x01,0x01,0x09,0x01,0x0e,0x01,0x09,
  0x1c,0x0e,0x08,0x04,0x09,0x09,0x0b,0x0e,0x09,0x04,0x01,0x09,0x01,0x04,0x0b,0x09,
  0x01,0x04,0x0c,0x09,0x22,0x0e,0x02,0x03,0x02,0x08,0x01,0x03,0x02,0x08,0x02,0x03,
  0x01,0x08,0x02,0x09,0x02,0x08,0x01,0x0c,0x01,0x09,0x05,0x08,0x01,0x09,0x01,0x0c,
  0x01,0x08,0x02,0x03,0x01,0x08,0x02,0x03,0x01,0x08,0x01,0x03,0x01,0x08,0x02,0x0b,
  0x03,0x0f,0x03,0x0a,0x02,0x0f,0x03,0x0c,0x01,0x08,0x01,0x09,0x01,0x08,0x01,0x09,
  0x01,0x03,0x02,0x08,0x01,0x03,0x05,0x08,0x02,0x09,0x01,0x08,0x01,0x0b,0x02,0x08,
  0x04,0x0c,0x01,0x09,0x91,0x0e,0x0e,0x04,0x02,0x09,0x01,0x04,0x07,0x09,0x01,0x04,
  0x04,0x09,0x01,0x04,0x0a,0x09,0x01,0x04,0x03,0x09,0x02,0x04,0x01,0x09,0x01,0x04,
  0x01,0x09,0x02,0x04,0x03,0x09,0x01,0x04,0x1a,0x09,0x07,0x0e,0x01,0x09,0x01,0x0e,
  0x01,0x09,0x01,0x01,0x05,0x09,0x01,0x01,0x02,0x09,0x03,0x01,0x03,0x09,0x03,0x03,
  0x04,0x08,0x02,0x09,0x04,0x08,0x05,0x09,0x02,0x08,0x01,0x09,0x03,0x08,0x02,0x09,
  0x02,0x0c,0x02,0x08,0x01,0x0c,0x02,0x08,0x01,0x0b,0x08,0x0f,0x05,0x0b,0x01,0x0f,
  0x01,0x0b,0x02,0x0f,0x03,0x0b,0x01,0x0a,0x0e,0x0c,0x01,0x08,0x02,0x0f,0x03,0x08,
  0x01,0x0f,0x01,0x0b,0x03,0x0c,0x01,0x0f,0x02,0x0c,0x01,0x08,0x01,0x03,0x01,0x08,
  0x01,0x03,0x02,0x08,0x02,0x0c,0x01,0x08,0x01,0x0f,0x02,0x0c,0x03,0x09,0x01,0x0e,
  0x01,0x04,0x01,0x08,0x01,0x09,0x02,0x0e,0x03,0x09,0x01,0x0c,0x01,0x09,0x01,0x0c,
  0x01,0x09,0x05,0x0e,0x01,0x09,0x01,0x0f,0x01,0x09,0x02,0x0e,0x01,0x09,0x09,0x0e,
  0x01,0x09,0x08,0x0e,0x02,0x09,0x07,0x0e,0x04,0x09,0x01,0x0e,0x04,0x09,0x01,0x0e,
  0x0b,0x09,0x01,0x0e,0x06,0x09,0x1b,0x0e,0x1d,0x04,0x03,0x09,0x02,0x04,0x03,0x09,
  0x04,0x04,0x03,0x09,0x03,0x04,0x01,0x09,0x02,0x04,0x07,0x09,0x03,0x04,0x02,0x09,
  0x04,0x04,0x02,0x09,0x0a,0x04,0x01,0x09,0x01,0x04,0x01,0x09,0x13,0x04,0x10,0x0e,
  0x03,0x0c,0x03,0x09,0x01,0x0c,0x04,0x09,0x02,0x0c,0x01,0x09,0x02,0x0c,0x01,0x09,
  0x01,0x08,0x01,0x09,0x04,0x08,0x03,0x09,0x02,0x0c,0x02,0x08,0x01,0x0b,0x01,0x08,
  0x01,0x0b,0x01,0x08,0x14,0x0f,0x0f,0x0c,0x01,0x0a,0x01,0x0b,0x01,0x0f,0x01,0x0b,
  0x01,0x0f,0x02,0x0b,0x01,0x0f,0x05,0x0c,0x01,0x08,0x01,0x03,0x01,0x08,0x01,0x03,
  0x14,0x08,0x01,0x09,0x07,0x08,0x01,0x0c,0x02,0x08,0x01,0x0f,0x01,0x0c,0x03,0x08,
  0x02,0x09,0x01,0x0e,0x01,0x04,0x01,0x09,0x40,0x0e,0x25,0x04,0x02,0x09,0x03,0x04,
  0x01,0x09,0x04,0x04,0x04,0x09,0x08,0x04,0x02,0x09,0x03,0x04,0x01,0x09,0x06,0x04,
  0x03,0x09,0x1c,0x04,0x03,0x09,0x16,0x04,0x02,0x0e,0x03,0x0c,0x01,0x09,0x05,0x0c,
  0x02,0x08,0x01,0x09,0x01,0x08,0x04,0x09,0x04,0x0c,0x01,0x09,0x01,0x08,0x04,0x09,
  0x02,0x08,0x02,0x0b,0x01,0x08,0x01,0x0b,0x0a,0x0f,0x01,0x0d,0x01,0x08,0x09,0x0f,
  0x01,0x0a,0x03,0x0c,0x01,0x0f,0x09,0x0c,0x02,0x0a,0x02,0x0b,0x05,0x0f,0x02,0x0c,
  0x01,0x0a,0x07,0x0c,0x01,0x08,0x01,0x09,0x01,0x0c,0x01,0x08,0x02,0x09,0x02,0x08,
  0x01,0x09,0x01,0x08,0x01,0x0f,0x01,0x0a,0x01,0x0c,0x01,0x0a,0x03,0x0c,0x03,0x09,
  0x02,0x0c,0x01,0x08,0x02,0x09,0x06,0x08,0x01,0x0f,0x01,0x0c,0x01,0x08,0x03,0x0c,
  0x01,0x09,0x02,0x03,0x0a,0x08,0x02,0x09,0x01,0x03,0x01,0x08,0x01,0x09,0x0a,0x0e,
  0x01,0x04,0x01,0x0e,0x03,0x04,0x0d,0x0e,0x3f,0x04,0x01,0x09,0x28,0x04,0x03,0x09,
  0x0e,0x04,0x03,0x09,0x01,0x04,0x01,0x09,0x18,0x04,0x01,0x0c,0x01,0x0f,0x04,0x0c,
  0x01,0x09,0x03,0x0f,0x01,0x0c,0x02,0x0a,0x01,0x0c,0x01,0x0a,0x03,0x0c,0x01,0x08,
  0x01,0x0b,0x01,0x07,0x02,0x0c,0x02,0x0d,0x01,0x0b,0x01,0x07,0x01,0x08,0x01,0x0b,
  0x01,0x0d,0x01,0x0b,0x01,0x0d,0x01,0x0b,0x02,0x0f,0x01,0x08,0x12,0x0f,0x0d,0x0c,
  0x01,0x0a,0x02,0x0f,0x02,0x0b,0x01,0x0f,0x04,0x0b,0x06,0x0c,0x01,0x0f,0x01,0x08,
  0x01,0x0f,0x05,0x0c,0x01,0x0a,0x01,0x0c,0x01,0x0f,0x03,0x0c,0x02,0x0f,0x04,0x0a,
  0x01,0x0f,0x03,0x0a,0x02,0x0f,0x01,0x08,0x01,0x09,0x11,0x0f,0x04,0x0a,0x01,0x0f,
  0x01,0x08,0x02,0x09,0x04,0x08,0x01,0x0f,0x03,0x0c,0x01,0x08,0x01,0x03,0x0a,0x08,
  0x02,0x0c,0x01,0x09,0x0d,0x04,0x01,0x09,0x05,0x04,0x02,0x09,0x01,0x04,0x05,0x09,
  0x01,0x04,0x02,0x09,0x02,0x04,0x01,0x09,0x03,0x04,0x02,0x09,0x02,0x04,0x01,0x09,
  0x05,0x04,0x01,0x09,0x05,0x04,0x02,0x09,0x02,0x04,0x02,0x09,0x06,0x04,0x01,0x09,
  0x03,0x04,0x01,0x09,0x02,0x04,0x01,0x09,0x01,0x04,0x01,0x09,0x04,0x04,0x01,0x09,
  0x01,0x04,0x05,0x09,0x04,0x04,0x02,0x09,0x08,0x04,0x01,0x09,0x02,0x04,0x01,0x09,
  0x05,0x04,0x01,0x09,0x01,0x04,0x05,0x09,0x06,0x04,0x02,0x09,0x01,0x04,0x02,0x09,
  0x01,0x04,0x01,0x09,0x01,0x04,0x01,0x09,0x01,0x04,0x02,0x09,0x01,0x04,0x03,0x09,
  0x08,0x04,0x02,0x09,0x01,0x04,0x03,0x09,0x01,0x04,0x02,0x09,0x01,0x04,0x02,0x09,
  0x01,0x04,0x01,0x09,0x02,0x04,0x02,0x08,0x07,0x0f,0x06,0x0c,0x01,0x08,0x01,0x02,
  0x12,0x08,0x06,0x0c,0x01,0x0f,0x03,0x0a,0x02,0x0f,0x01,0x0a,0x02,0x0f,0x01,0x08,
  0x04,0x0f,0x03,0x0c,0x03,0x0b,0x01,0x08,0x04,0x0c,0x01,0x0a,0x09,0x0c,0x01,0x0a,
  0x01,0x0f,0x05,0x0c,0x01,0x0f,0x01,0x0b,0x01,0x0f,0x02,0x0c,0x04,0x08,0x09,0x0c,
  0x05,0x0f,0x01,0x0a,0x04,0x0f,0x01,0x08,0x01,0x0f,0x01,0x0c,0x04,0x0f,0x01,0x0a,
  0x01,0x08,0x01,0x0f,0x02,0x0c,0x01,0x0f,0x01,0x08,0x01,0x0f,0x01,0x0b,0x01,0x0f,
  0x01,0x0c,0x01,0x08,0x03,0x0c,0x03,0x0a,0x01,0x0f,0x05,0x0a,0x06,0x0f,0x01,0x0a,
  0x06,0x0f,0x04,0x0c,0x05,0x08,0x01,0x02,0x02,0x09,0x01,0x08,0x01,0x09,0x01,0x0c,
  0x07,0x09,0x01,0x0c,0x04,0x09,0x01,0x0c,0x0e,0x09,0x01,0x04,0x16,0x09,0x01,0x0c,
  0x0e,0x09,0x01,0x0c,0x07,0x09,0x02,0x0c,0x04,0x09,0x01,0x0c,0x04,0x09,0x01,0x0c,
  0x11,0x09,0x01,0x04,0x0a,0x09,0x01,0x0c,0x02,0x09,0x01,0x0c,0x07,0x09,0x01,0x03,
  0x01,0x04,0x04,0x09,0x02,0x04,0x06,0x09,0x01,0x0c,0x01,0x09,0x01,0x04,0x07,0x09,
  0x02,0x04,0x0f,0x0c,0x09,0x08,0x01,0x0f,0x0a,0x08,0x07,0x0c,0x07,0x0a,0x01,0x0f,
  0x01,0x0b,0x04,0x0f,0x03,0x0b,0x02,0x08,0x01,0x0b,0x01,0x08,0x09,0x0c,0x01,0x0f,
  0x05,0x0c,0x01,0x0f,0x05,0x0c,0x01,0x0a,0x01,0x0f,0x01,0x0a,0x02,0x0c,0x01,0x08,
  0x02,0x0b,0x01,0x08,0x01,0x0c,0x01,0x0f,0x01,0x0a,0x01,0x0c,0x01,0x0f,0x02,0x0c,
  0x01,0x0f,0x02,0x0c,0x01,0x08,0x02,0x0c,0x01,0x0b,0x01,0x0a,0x01,0x0f,0x01,0x08,
  0x01,0x0a,0x01,0x0b,0x01,0x0a,0x01,0x0b,0x01,0x0a,0x09,0x0c,0x01,0x0b,0x02,0x0f,
  0x01,0x08,0x01,0x0f,0x09,0x0c,0x01,0x08,0x05,0x0c,0x01,0x0a,0x04,0x0c,0x01,0x08,
  0x03,0x0c,0x01,0x09,0x01,0x0c,0x02,0x0f,0x01,0x0c,0x01,0x08,0x01,0x0c,0x01,0x08,
  0x07,0x0c,0x01,0x01,0x03,0x0c,0x03,0x0f,0x05,0x0a,0x01,0x0c,0x02,0x08,0x03,0x0c,
  0x01,0x08,0x01,0x0c,0x01,0x08,0x0a,0x0c,0x01,0x08,0x01,0x09,0x03,0x0c,0x02,0x0f,
  0x01,0x0c,0x02,0x0f,0x01,0x08,0x05,0x0c,0x03,0x08,0x02,0x0c,0x03,0x09,0x01,0x0c,
  0x01,0x09,0x02,0x08,0x01,0x09,0x01,0x0c,0x01,0x09,0x01,0x08,0x01,0x09,0x01,0x0c,
  0x09,0x09,0x01,0x08,0x07,0x09,0x01,0x04,0x04,0x09,0x01,0x04,0x02,0x09,0x01,0x04,
  0x06,0x09,0x02,0x04,0x04,0x09,0x01,0x04,0x04,0x09,0x0b,0x04,0x01,0x03,0x01,0x09,
  0x01,0x04,0x01,0x09,0x01,0x04,0x02,0x09,0x05,0x04,0x02,0x09,0x01,0x04,0x02,0x09,
  0x04,0x04,0x01,0x09,0x01,0x04,0x05,0x09,0x03,0x04,0x01,0x09,0x02,0x04,0x01,0x0c,
  0x01,0x09,0x0b,0x0c,0x02,0x08,0x02,0x0d,0x01,0x02,0x01,0x0b,0x03,0x08,0x01,0x0b,
  0x07,0x08,0x01,0x0f,0x02,0x0c,0x02,0x0f,0x01,0x0c,0x01,0x0a,0x01,0x0f,0x01,0x08,
  0x03,0x0c,0x03,0x0a,0x01,0x0f,0x02,0x0a,0x02,0x0f,0x01,0x08,0x05,0x0f,0x01,0x0b,
  0x02,0x08,0x03,0x0b,0x02,0x0c,0x04,0x0a,0x01,0x0c,0x04,0x0a,0x01,0x0c,0x03,0x0a,
  0x01,0x0f,0x01,0x0a,0x04,0x0c,0x02,0x0a,0x01,0x05,0x01,0x0c,0x01,0x05,0x01,0x0f,
  0x01,0x0b,0x01,0x08,0x01,0x0f,0x0d,0x0c,0x01,0x0f,0x02,0x0c,0x02,0x0f,0x02,0x08,
  0x01,0x0c,0x01,0x0a,0x09,0x0c,0x05,0x0f,0x0f,0x0c,0x01,0x0a,0x0a,0x0c,0x02,0x0f,
  0x05,0x0c,0x01,0x01,0x01,0x0c,0x01,0x01,0x06,0x0c,0x01,0x01,0x01,0x0c,0x02,0x0f,
  0x06,0x0c,0x02,0x02,0x02,0x07,0x02,0x02,0x02,0x07,0x01,0x08,0x01,0x02,0x02,0x07,
  0x01,0x0c,0x01,0x09,0x02,0x08,0x02,0x0c,0x02,0x09,0x0b,0x0c,0x01,0x01,0x03,0x0c,
  0x01,0x01,0x05,0x0c,0x01,0x08,0x04,0x02,0x01,0x08,0x02,0x02,0x03,0x08,0x02,0x02,
  0x03,0x08,0x10,0x0c,0x01,0x09,0x01,0x08,0x06,0x0c,0x03,0x09,0x02,0x0c,0x02,0x09,
  0x01,0x0c,0x01,0x09,0x02,0x0c,0x07,0x09,0x01,0x0c,0x03,0x09,0x03,0x0c,0x02,0x09,
  0x01,0x0c,0x14,0x09,0x03,0x0c,0x02,0x09,0x01,0x0c,0x05,0x09,0x0b,0x0c,0x01,0x02,
  0x01,0x08,0x02,0x02,0x01,0x08,0x02,0x0d,0x04,0x08,0x01,0x02,0x01,0x0d,0x01,0x02,
  0x08,0x08,0x05,0x0c,0x02,0x08,0x01,0x0c,0x01,0x08,0x01,0x02,0x01,0x08,0x07,0x0c,
  0x01,0x0b,0x02,0x08,0x01,0x0d,0x06,0x08,0x03,0x0c,0x02,0x08,0x01,0x09,0x0c,0x0c,
  0x01,0x0f,0x03,0x0c,0x01,0x0f,0x02,0x08,0x05,0x0c,0x01,0x0f,0x02,0x08,0x02,0x0f,
  0x01,0x08,0x04,0x0f,0x04,0x08,0x26,0x0c,0x01,0x08,0x0a,0x0c,0x01,0x08,0x02,0x0c,
  0x01,0x0f,0x01,0x0c,0x01,0x08,0x0b,0x0c,0x03,0x08,0x01,0x0c,0x01,0x08,0x04,0x0c,
  0x04,0x08,0x01,0x0c,0x03,0x08,0x01,0x0c,0x03,0x08,0x02,0x0c,0x02,0x08,0x02,0x0c,
  0x01,0x08,0x01,0x09,0x03,0x0c,0x01,0x09,0x03,0x08,0x01,0x09,0x02,0x08,0x01,0x09,
  0x08,0x08,0x01,0x09,0x04,0x08,0x01,0x09,0x01,0x0c,0x07,0x08,0x01,0x0c,0x01,0x08,
  0x01,0x0c,0x03,0x08,0x1c,0x0c,0x2f,0x09,0x01,0x04,0x05,0x09,0x08,0x03,0x04,0x02,
  0x02,0x08,0x01,0x02,0x02,0x08,0x02,0x02,0x02,0x0d,0x01,0x02,0x03,0x08,0x01,0x02,
  0x04,0x08,0x01,0x0f,0x01,0x0c,0x02,0x08,0x01,0x02,0x02,0x08,0x01,0x0d,0x01,0x02,
  0x02,0x08,0x03,0x0c,0x04,0x08,0x01,0x0d,0x02,0x08,0x01,0x0c,0x03,0x08,0x01,0x0c,
  0x02,0x08,0x01,0x0d,0x01,0x02,0x01,0x08,0x01,0x0c,0x02,0x08,0x02,0x0c,0x01,0x08,
  0x01,0x0b,0x03,0x08,0x02,0x0c,0x03,0x08,0x02,0x0f,0x02,0x08,0x02,0x02,0x02,0x08,
  0x01,0x0f,0x02,0x08,0x01,0x0c,0x02,0x08,0x02,0x0d,0x01,0x08,0x01,0x0b,0x01,0x0d,
  0x01,0x08,0x01,0x0c,0x02,0x08,0x02,0x0d,0x03,0x08,0x01,0x0b,0x01,0x08,0x04,0x0c,
  0x03,0x08,0x01,0x0b,0x01,0x0d,0x01,0x02,0x01,0x0b,0x01,0x08,0x01,0x0c,0x01,0x08,
  0x01,0x0c,0x01,0x0f,0x05,0x08,0x01,0x0d,0x01,0x02,0x01,0x08,0x01,0x0c,0x01,0x0b,
  0x01,0x0d,0x01,0x08,0x02,0x0f,0x01,0x0b,0x01,0x08,0x01,0x0c,0x02,0x0f,0x02,0x0d,
  0x01,0x08,0x01,0x0b,0x01,0x08,0x01,0x0f,0x01,0x0b,0x02,0x08,0x01,0x0d,0x01,0x02,
  0x01,0x08,0x01,0x0f,0x05,0x08,0x01,0x0d,0x03,0x08,0x02,0x0f,0x01,0x0d,0x01,0x08,
  0x01,0x0c,0x01,0x0d,0x02,0x08,0x01,0x0d,0x01,0x08,0x01,0x0f,0x01,0x08,0x01,0x0c,
  0x01,0x0b,0x01,0x0d,0x02,0x08,0x01,0x0f,0x05,0x08,0x01,0x0b,0x01,0x08,0x01,0x0c,
  0x05,0x08,0x7e,0x03,0x06,0x03,0x02,0x02,0x01,0x03,0x02,0x02,0x01,0x08,0x02,0x02,
  0x02,0x03,0x02,0x08,0x02,0x02,0x01,0x03,0x02,0x08,0x01,0x02,0x04,0x08,0x01,0x02,
  0x02,0x08,0x01,0x02,0x01,0x08,0x01,0x03,0x06,0x08,0x01,0x02,0x01,0x08,0x01,0x02,
  0x01,0x03,0x03,0x08,0x01,0x09,0x06,0x08,0x01,0x02,0x03,0x08,0x02,0x02,0x01,0x08,
  0x01,0x03,0x01,0x02,0x02,0x08,0x01,0x02,0x02,0x08,0x01,0x02,0x02,0x03,0x02,0x08,
  0x01,0x02,0x02,0x08,0x01,0x02,0x02,0x03,0x07,0x08,0x04,0x03,0x01,0x02,0x05,0x03,
  0x02,0x08,0x01,0x03,0x01,0x08,0x06,0x03,0x01,0x08,0xd5,0x03,0xff,0x03,0x41,0x03,
  0x54,0x03,0x01,0x04,0x8c,0x03,0x03,0x04,0x16,0x03,0x01,0x04,0x45,0x03,0x07,0x03,
  0x02,0x04,0x25,0x03,0x01,0x02,0x1b,0x03,0x02,0x04,0x21,0x03,0x04,0x04,0xc4,0x03,
  0x02,0x04,0x01,0x03,0x01,0x04,0x07,0x03,0x04,0x03,0x02,0x02,0x0c,0x03,0x01,0x02,
  0x02,0x03,0x01,0x08,0x03,0x03,0x02,0x09,0x02,0x03,0x01,0x08,0x05,0x03,0x02,0x08,
  0x0a,0x03,0x01,0x04,0x0c,0x03,0x01,0x08,0x01,0x09,0x03,0x03,0x01,0x04,0x11,0x03,
  0x01,0x02,0x09,0x03,0x02,0x08,0x01,0x09,0x01,0x08,0x0f,0x03,0x01,0x02,0x10,0x03,
  0x01,0x08,0x02,0x03,0x01,0x09,0x02,0x08,0x01,0x02,0x01,0x03,0x01,0x08,0x08,0x03,
  0x02,0x04,0x0b,0x03,0x01,0x09,0x05,0x03,0x02,0x09,0x01,0x03,0x01,0x04,0x2c,0x03,
  0x09,0x02,0x01,0x03,0x01,0x02,0x07,0x03,0x01,0x08,0x03,0x03,0x01,0x02,0x03,0x03,
  0x01,0x02,0x1a,0x03,0x01,0x02,0x01,0x03,0x01,0x02,0x01,0x03,0x03,0x08,0x01,0x02,
  0x02,0x09,0x01,0x08,0x01,0x03,0x01,0x09,0x04,0x03,0x02,0x02,0x09,0x03,0x01,0x09,
  0x01,0x08,0x01,0x03,0x01,0x08,0x0d,0x03,0x02,0x02,0x07,0x03,0x03,0x03,0x01,0x02,
  0x28,0x03,0x01,0x02,0x03,0x03,0x01,0x02,0x2b,0x03,0x01,0x02,0x01,0x03,0x01,0x04,
  0x02,0x03,0x01,0x09,0x01,0x04,0x07,0x03,0x02,0x02,0x01,0x03,0x02,0x02,0x03,0x08,
  0x01,0x02,0x02,0x03,0x02,0x02,0x07,0x03,0x01,0x04,0x18,0x03,0x01,0x02,0x01,0x03,
  0x02,0x02,0x1c,0x03,0x01,0x02,0x03,0x03,0x04,0x02,0x01,0x03,0x01,0x02,0x21,0x03,
  0x05,0x04,0x03,0x03,0x02,0x04,0x1b,0x03,0x01,0x09,0x01,0x08,0x09,0x03,0x01,0x04,
  0x23,0x03,0x02,0x04,0x08,0x03,0xff,0x0e,0x41,0x0e,0x07,0x0e,0x05,0x09,0xff,0x0e,
  0x35,0x0e,0x01,0x09,0x01,0x0e,0x01,0x09,0x02,0x01,0x02,0x0c,0x05,0x01,0x01,0x0c,
  0x03,0x09,0x03,0x0e,0x03,0x09,0x02,0x0c,0x02,0x01,0x01,0x0c,0x01,0x09,0x01,0x0e,
  0x01,0x09,0x01,0x0c,0x02,0x01,0x02,0x0c,0x03,0x01,0x01,0x0c,0x01,0x09,0x04,0x0e,
  0x01,0x09,0xff,0x0e,0x14,0x0e,0x01,0x09,0x0e,0x01,0x02,0x0c,0x07,0x01,0x01,0x09,
  0x01,0x0c,0x01,0x01,0x02,0x0c,0x09,0x01,0x01,0x0c,0x03,0x01,0x02,0x0c,0x01,0x09,
  0x02,0x0c,0x01,0x01,0x02,0x0c,0x01,0x01,0x01,0x0c,0x01,0x01,0x01,0x0c,0x07,0x01,
  0x01,0x09,0x01,0x0e,0x02,0x09,0x8e,0x0e,0x01,0x09,0x01,0x0e,0x09,0x09,0x0b,0x0e,
  0x02,0x09,0x01,0x0c,0x01,0x09,0x02,0x0e,0x02,0x09,0x4c,0x0e,0x03,0x09,0x04,0x0e,
  0x01,0x01,0x02,0x0c,0x01,0x01,0x01,0x09,0x01,0x01,0x08,0x09,0x02,0x08,0x02,0x0c,
  0x01,0x08,0x02,0x0c,0x11,0x09,0x01,0x01,0x02,0x0c,0x01,0x01,0x04,0x09,0x02,0x01,
  0x01,0x09,0x0e,0x01,0x01,0x0c,0x02,0x01,0x02,0x0c,0x02,0x01,0x08,0x09,0x01,0x0e,
  0x01,0x09,0x3a,0x0e,0x01,0x09,0x04,0x0e,0x03,0x09,0x07,0x0e,0x02,0x09,0x12,0x0e,
  0x01,0x09,0x0d,0x0e,0x0a,0x09,0x01,0x0e,0x04,0x09,0x01,0x04,0x04,0x03,0x01,0x04,
  0x02,0x09,0x01,0x08,0x05,0x09,0x02,0x0c,0x07,0x09,0x02,0x0c,0x02,0x09,0x02,0x0c,
  0x03,0x09,0x04,0x0e,0x01,0x09,0x03,0x0e,0x02,0x09,0x01,0x0c,0x03,0x09,0x02,0x0e,
  0x04,0x09,0x05,0x0e,0x07,0x09,0x03,0x0e,0x02,0x09,0x04,0x0e,0x03,0x09,0x06,0x0e,
  0x04,0x09,0x01,0x0c,0x02,0x09,0x01,0x0e,0x03,0x09,0x01,0x0c,0x02,0x09,0x02,0x0e,
  0x05,0x09,0x03,0x0c,0x03,0x01,0x01,0x0c,0x08,0x01,0x03,0x09,0x03,0x08,0x01,0x0f,
  0x06,0x08,0x01,0x05,0x01,0x0f,0x09,0x08,0x07,0x0c,0x03,0x08,0x03,0x0c,0x01,0x09,
  0x01,0x0e,0x02,0x09,0x02,0x0e,0x07,0x09,0x02,0x0e,0x02,0x09,0x0c,0x0e,0x01,0x09,
  0x0b,0x0e,0x01,0x09,0x01,0x0e,0x03,0x09,0x01,0x0e,0x3c,0x09,0x02,0x01,0x03,0x09,
  0x01,0x0c,0x0a,0x09,0x01,0x0e,0x0b,0x09,0x01,0x04,0x05,0x03,0x02,0x08,0x02,0x0c,
  0x02,0x08,0x03,0x0c,0x06,0x09,0x02,0x04,0x06,0x03,0x02,0x08,0x01,0x03,0x01,0x08,
  0x01,0x03,0x03,0x08,0x1b,0x09,0x04,0x01,0x01,0x0c,0x01,0x09,0x01,0x01,0x02,0x09,
  0x02,0x01,0x04,0x0c,0x04,0x09,0x01,0x0c,0x01,0x01,0x01,0x0c,0x07,0x09,0x01,0x0c,
  0x03,0x01,0x02,0x0c,0x01,0x01,0x02,0x0c,0x01,0x01,0x01,0x0c,0x02,0x01,0x01,0x0c,
  0x01,0x01,0x03,0x0c,0x01,0x09,0x01,0x0c,0x04,0x01,0x02,0x0c,0x05,0x01,0x01,0x0c,
  0x05,0x01,0x01,0x0c,0x01,0x09,0x01,0x0c,0x0a,0x09,0x01,0x01,0x01,0x0c,0x01,0x01,
  0x01,0x09,0x01,0x01,0x01,0x08,0x01,0x0c,0x01,0x08,0x01,0x0c,0x05,0x08,0x02,0x02,
  0x05,0x08,0x06,0x0c,0x01,0x0f,0x01,0x08,0x01,0x0c,0x02,0x08,0x01,0x07,0x01,0x08,
  0x01,0x02,0x04,0x07,0x04,0x08,0x04,0x0c,0x03,0x08,0x02,0x09,0x01,0x08,0x01,0x07,
  0x01,0x08,0x12,0x09,0x03,0x0c,0x08,0x09,0x01,0x0c,0x01,0x09,0x01,0x0c,0x03,0x01,
  0x01,0x0c,0x02,0x01,0x01,0x0c,0x03,0x01,0x01,0x0c,0x02,0x09,0x01,0x0c,0x05,0x09,
  0x01,0x0c,0x01,0x01,0x11,0x09,0x02,0x0c,0x21,0x09,0x02,0x01,0x02,0x0c,0x05,0x09,
  0x01,0x08,0x07,0x03,0x0a,0x08,0x03,0x09,0x02,0x08,0x07,0x09,0x04,0x08,0x04,0x04,
  0x02,0x08,0x04,0x09,0x02,0x08,0x01,0x09,0x01,0x08,0x07,0x09,0x02,0x08,0x10,0x09,
  0x01,0x08,0x52,0x09,0x05,0x02,0x01,0x0d,0x02,0x07,0x01,0x02,0x07,0x07,0x01,0x02,
  0x08,0x07,0x02,0x08,0x05,0x07,0x01,0x02,0x04,0x07,0x01,0x08,0x02,0x0f,0x01,0x08,
  0x01,0x02,0x05,0x07,0x01,0x0f,0x01,0x08,0x01,0x0f,0x02,0x05,0x01,0x0c,0x02,0x09,
  0x01,0x01,0x03,0x09,0x02,0x01,0x47,0x09,0x03,0x0c,0x01,0x09,0x01,0x0c,0x01,0x01,
  0x01,0x0c,0x0c,0x09,0x16,0x03,0x09,0x08,0x01,0x03,0x01,0x08,0x01,0x03,0x0a,0x08,
  0x01,0x03,0x02,0x08,0x03,0x03,0x02,0x08,0x07,0x03,0x0b,0x08,0x05,0x03,0x06,0x08,
  0x01,0x09,0x06,0x08,0x01,0x03,0x07,0x08,0x02,0x04,0x11,0x09,0x0d,0x0c,0x02,0x09,
  0x0b,0x0c,0x04,0x09,0x03,0x0c,0x02,0x09,0x13,0x0c,0x06,0x0c,0x01,0x08,0x02,0x0c,
  0x01,0x0a,0x01,0x0f,0x04,0x08,0x03,0x02,0x02,0x07,0x02,0x02,0x05,0x07,0x01,0x08,
  0x01,0x07,0x01,0x08,0x04,0x0f,0x06,0x08,0x01,0x0f,0x01,0x0a,0x02,0x07,0x04,0x08,
  0x01,0x0f,0x01,0x08,0x02,0x0f,0x05,0x08,0x01,0x0f,0x02,0x0a,0x01,0x0f,0x02,0x0c,
  0x04,0x09,0x03,0x0e,0x27,0x09,0x07,0x0c,0x03,0x09,0x07,0x0c,0x07,0x09,0x01,0x04,
  0x0f,0x03,0x02,0x08,0x07,0x03,0x0b,0x08,0x08,0x03,0x16,0x08,0x0a,0x03,0x03,0x08,
  0x04,0x03,0x03,0x08,0x01,0x09,0x0a,0x08,0x01,0x03,0x0a,0x08,0x03,0x09,0x06,0x08,
  0x01,0x04,0x03,0x08,0x02,0x03,0x03,0x04,0x01,0x03,0x02,0x08,0x01,0x04,0x33,0x09,
  0x06,0x0c,0x01,0x09,0x03,0x08,0x07,0x0c,0x01,0x0f,0x03,0x0c,0x01,0x08,0x01,0x09,
  0x03,0x0c,0x01,0x0f,0x02,0x0c,0x01,0x08,0x02,0x0f,0x01,0x0c,0x01,0x08,0x02,0x07,
  0x01,0x0d,0x02,0x02,0x0b,0x08,0x05,0x0c,0x01,0x08,0x01,0x02,0x03,0x08,0x06,0x07,
  0x05,0x0a,0x04,0x08,0x03,0x05,0x01,0x0c,0x01,0x09,0x03,0x0c,0x02,0x09,0x01,0x08,
  0x01,0x09,0x01,0x0c,0x16,0x09,0x08,0x04,0x01,0x08,0x02,0x04,0x01,0x09,0x08,0x08,
  0x01,0x09,0x01,0x08,0x01,0x04,0x04,0x08,0x03,0x03,0x03,0x08,0x04,0x04,0x03,0x08,
  0x05,0x09,0x02,0x08,0x01,0x09,0x02,0x08,0x02,0x09,0x05,0x08,0x05,0x09,0x09,0x08,
  0x02,0x09,0x06,0x08,0x01,0x03,0x06,0x08,0x01,0x09,0x06,0x08,0x01,0x09,0x01,0x08,
  0x02,0x09,0x0b,0x08,0x04,0x09,0x01,0x0c,0x02,0x09,0x01,0x08,0x01,0x09,0x01,0x04,
  0x02,0x08,0x03,0x03,0x02,0x08,0x01,0x09,0x01,0x03,0x01,0x08,0x01,0x09,0x01,0x08,
  0x02,0x09,0x02,0x08,0x01,0x09,0x01,0x08,0x07,0x09,0x04,0x08,0x03,0x03,0x01,0x04,
  0x06,0x09,0x02,0x08,0x01,0x09,0x01,0x08,0x04,0x04,0x09,0x09,0x01,0x08,0x29,0x09,
  0x01,0x0a,0x04,0x0c,0x02,0x08,0x03,0x0c,0x01,0x0f,0x01,0x08,0x05,0x0c,0x01,0x0a,
  0x01,0x0f,0x02,0x0a,0x02,0x08,0x03,0x0c,0x02,0x08,0x01,0x09,0x04,0x0c,0x03,0x08,
  0x01,0x0f,0x01,0x08,0x01,0x07,0x03,0x08,0x02,0x0f,0x02,0x08,0x02,0x07,0x04,0x08,
  0x04,0x0c,0x02,0x08,0x04,0x0c,0x06,0x08,0x03,0x0c,0x01,0x08,0x04,0x0c,0x05,0x08,
  0x01,0x0c,0x01,0x0a,0x01,0x0f,0x01,0x08,0x01,0x0f,0x02,0x0a,0x01,0x08,0x01,0x09,
  0x04,0x0c,0x01,0x0f,0x03,0x08,0x04,0x0c,0x01,0x08,0x03,0x0c,0x0e,0x09,0x03,0x08,
  0x03,0x0c,0x05,0x09,0x01,0x04,0x02,0x09,0x01,0x04,0x05,0x09,0x01,0x0c,0x03,0x09,
  0x02,0x0c,0x03,0x09,0x01,0x0c,0x02,0x09,0x01,0x0c,0x05,0x09,0x01,0x08,0x04,0x09,
  0x01,0x04,0x08,0x08,0x01,0x03,0x01,0x08,0x01,0x09,0x02,0x04,0x01,0x03,0x03,0x08,
  0x01,0x03,0x01,0x04,0x01,0x09,0x01,0x08,0x02,0x09,0x01,0x08,0x06,0x09,0x01,0x0c,
  0x05,0x09,0x02,0x04,0x02,0x09,0x01,0x04,0x03,0x09,0x01,0x04,0x01,0x09,0x02,0x08,
  0x03,0x09,0x02,0x08,0x05,0x04,0x02,0x08,0x03,0x09,0x02,0x04,0x01,0x08,0x02,0x04,
  0x13,0x09,0x01,0x04,0x03,0x09,0x01,0x0c,0x06,0x09,0x02,0x08,0x03,0x04,0x01,0x09,
  0x01,0x04,0x01,0x09,0x01,0x04,0x05,0x09,0x01,0x04,0x02,0x09,0x02,0x04,0x0b,0x09,
  0x0a,0x04,0x12,0x09,0x02,0x0c,0x0c,0x0f,0x04,0x0a,0x03,0x0c,0x04,0x0f,0x02,0x0a,
  0x01,0x0f,0x01,0x0a,0x01,0x0f,0x01,0x0a,0x02,0x0f,0x01,0x0a,0x02,0x0f,0x03,0x08,
  0x03,0x0f,0x02,0x0c,0x01,0x0f,0x02,0x0a,0x01,0x0c,0x01,0x0f,0x01,0x08,0x01,0x0c,
  0x05,0x09,0x01,0x01,0x02,0x0c,0x01,0x09,0x01,0x08,0x02,0x0c,0x01,0x09,0x02,0x0c,
  0x01,0x08,0x07,0x0c,0x03,0x0f,0x02,0x0a,0x02,0x0c,0x01,0x0f,0x01,0x09,0x03,0x0c,
  0x01,0x0a,0x02,0x0c,0x01,0x0a,0x01,0x0f,0x02,0x08,0x02,0x0c,0x01,0x0a,0x01,0x0f,
  0x04,0x0c,0x01,0x08,0x01,0x0c,0x01,0x0f,0x01,0x08,0x01,0x0c,0x01,0x0a,0x01,0x0f,
  0x02,0x0c,0x04,0x08,0x04,0x0c,0x01,0x0a,0x04,0x08,0x01,0x0c,0x01,0x09,0x03,0x0c,
  0x01,0x0f,0x01,0x08,0x01,0x0c,0x01,0x0a,0x01,0x0c,0x01,0x08,0x02,0x0c,0x01,0x08,
  0x05,0x09,0x01,0x08,0x03,0x09,0x04,0x08,0x01,0x09,0x02,0x0c,0x01,0x09,0x07,0x03,
  0x03,0x08,0x01,0x09,0x02,0x08,0x05,0x09,0x04,0x08,0x01,0x0c,0x02,0x08,0x01,0x0c,
  0x01,0x09,0x01,0x0c,0x0b,0x09,0x01,0x0c,0x08,0x09,0x02,0x0c,0x01,0x09,0x01,0x08,
  0x0e,0x09,0x02,0x0c,0x15,0x09,0x04,0x08,0x0a,0x09,0x01,0x0c,0x04,0x09,0x01,0x0c,
  0x06,0x09,0x01,0x0c,0x04,0x09,0x01,0x0c,0x02,0x09,0x01,0x0c,0x10,0x09,0x02,0x04,
  0x02,0x09,0x01,0x04,0x05,0x09,0x01,0x08,0x06,0x09,0x01,0x0c,0x07,0x09,0x01,0x04,
  0x02,0x0f,0x01,0x0a,0x01,0x0f,0x02,0x08,0x01,0x07,0x01,0x0f,0x05,0x08,0x01,0x09,
  0x06,0x0c,0x05,0x08,0x0e,0x0c,0x02,0x0f,0x0d,0x0c,0x03,0x08,0x12,0x0c,0x07,0x0f,
  0x03,0x0a,0x01,0x0c,0x04,0x0a,0x01,0x0c,0x01,0x0a,0x02,0x0f,0x01,0x0a,0x04,0x0f,
  0x02,0x08,0x0c,0x0c,0x02,0x08,0x0b,0x0c,0x02,0x0f,0x02,0x08,0x01,0x0f,0x03,0x0a,
  0x01,0x0f,0x02,0x08,0x07,0x0f,0x01,0x08,0x01,0x0f,0x01,0x0c,0x03,0x0a,0x06,0x0f,
  0x01,0x08,0x01,0x0a,0x01,0x05,0x03,0x0a,0x01,0x08,0x02,0x0c,0x01,0x0f,0x04,0x08,
  0x02,0x0f,0x03,0x08,0x02,0x0f,0x04,0x08,0x01,0x07,0x08,0x08,0x03,0x0c,0x04,0x08,
  0x01,0x09,0x03,0x0c,0x02,0x09,0x03,0x0c,0x01,0x09,0x03,0x0c,0x07,0x09,0x01,0x0c,
  0x03,0x09,0x01,0x08,0x04,0x09,0x02,0x08,0x02,0x09,0x01,0x0c,0x03,0x08,0x01,0x0c,
  0x02,0x0f,0x04,0x08,0x01,0x0f,0x01,0x08,0x01,0x0f,0x02,0x08,0x01,0x0f,0x01,0x05,
  0x01,0x0c,0x04,0x08,0x07,0x0c,0x01,0x0f,0x01,0x08,0x03,0x0a,0x22,0x09,0x02,0x04,
  0x05,0x09,0x01,0x03,0x01,0x09,0x02,0x04,0x01,0x08,0x02,0x04,0x01,0x08,0x06,0x09,
  0x01,0x0b,0x01,0x0a,0x01,0x0f,0x02,0x0d,0x01,0x0b,0x04,0x07,0x01,0x0d,0x01,0x0b,
  0x03,0x07,0x01,0x02,0x03,0x07,0x01,0x0f,0x03,0x07,0x01,0x0f,0x01,0x07,0x0e,0x0c,
  0x02,0x0f,0x01,0x0c,0x02,0x0a,0x01,0x0c,0x01,0x0a,0x02,0x0c,0x02,0x0a,0x01,0x0c,
  0x01,0x0a,0x02,0x0c,0x03,0x08,0x12,0x0c,0x03,0x08,0x02,0x0f,0x01,0x08,0x01,0x0f,
  0x12,0x0c,0x01,0x08,0x0c,0x0c,0x02,0x08,0x09,0x0c,0x01,0x08,0x01,0x07,0x02,0x0f,
  0x02,0x08,0x06,0x0c,0x03,0x08,0x0f,0x0c,0x03,0x0f,0x01,0x0c,0x01,0x0f,0x08,0x0c,
  0x03,0x08,0x03,0x0c,0x02,0x0f,0x04,0x0c,0x01,0x09,0x05,0x0c,0x01,0x0a,0x01,0x08,
  0x01,0x0c,0x03,0x0a,0x01,0x0c,0x01,0x0a,0x01,0x0c,0x01,0x08,0x01,0x0f,0x02,0x0c,
  0x02,0x08,0x04,0x0c,0x01,0x08,0x03,0x0f,0x03,0x0a,0x05,0x0c,0x07,0x09,0x01,0x08,
  0x01,0x0f,0x08,0x08,0x05,0x0f,0x0f,0x08,0x02,0x0c,0x05,0x05,0x02,0x0c,0x01,0x0a,
  0x02,0x05,0x02,0x0c,0x35,0x09,0x01,0x0b,0x02,0x0f,0x02,0x08,0x01,0x0b,0x01,0x0f,
  0x01,0x09,0x06,0x08,0x01,0x0c,0x01,0x0f,0x03,0x08,0x01,0x0c,0x02,0x08,0x01,0x0b,
  0x02,0x08,0x01,0x0c,0x01,0x0f,0x01,0x08,0x01,0x0f,0x01,0x0c,0x01,0x0f,0x02,0x08,
  0x02,0x0c,0x01,0x0f,0x04,0x08,0x01,0x0f,0x02,0x0a,0x02,0x0f,0x01,0x0b,0x02,0x0f,
  0x02,0x08,0x01,0x0f,0x01,0x08,0x01,0x0f,0x07,0x08,0x01,0x0c,0x02,0x08,0x01,0x0f,
  0x13,0x08,0x03,0x0c,0x05,0x08,0x01,0x0c,0x03,0x08,0x01,0x0c,0x01,0x0f,0x01,0x08,
  0x01,0x0c,0x02,0x08,0x03,0x0c,0x02,0x08,0x01,0x0c,0x01,0x0f,0x01,0x0c,0x01,0x08,
  0x03,0x0c,0x05,0x08,0x01,0x0c,0x01,0x09,0x01,0x08,0x01,0x0f,0x02,0x0c,0x06,0x08,
  0x02,0x0c,0x01,0x0f,0x01,0x0c,0x05,0x08,0x0f,0x0c,0x02,0x08,0x01,0x0f,0x01,0x0c,
  0x01,0x09,0x0c,0x0c,0x04,0x08,0x02,0x0f,0x03,0x08,0x06,0x0c,0x01,0x08,0x0b,0x0c,
  0x01,0x09,0x01,0x08,0x09,0x0c,0x01,0x0a,0x01,0x0c,0x01,0x0a,0x01,0x09,0x01,0x04,
  0x01,0x09,0x04,0x08,0x01,0x0a,0x01,0x0f,0x0b,0x08,0x01,0x0f,0x0a,0x08,0x06,0x0f,
  0x01,0x08,0x01,0x0f,0x01,0x0a,0x02,0x0f,0x02,0x08,0x01,0x0c,0x02,0x05,0x02,0x0a,
  0x02,0x05,0x01,0x0f,0x03,0x0a,0x01,0x08,0x02,0x09,0x01,0x03,0x02,0x08,0x01,0x09,
  0x02,0x08,0x01,0x0c,0x02,0x09,0x29,0x03,0x28,0x0c,0x01,0x0f,0x05,0x08,0x01,0x0f,
  0x01,0x0c,0x02,0x0f,0x01,0x08,0x01,0x0f,0x01,0x0c,0x03,0x08,0x01,0x0f,0x02,0x08,
  0x01,0x0f,0x02,0x08,0x01,0x0f,0x14,0x08,0x03,0x0f,0x04,0x08,0x01,0x04,0x01,0x08,
  0x01,0x03,0x06,0x08,0x02,0x03,0x01,0x08,0x0b,0x09,0x01,0x04,0x03,0x03,0x01,0x04,
  0x01,0x09,0x02,0x04,0x02,0x08,0x02,0x09,0x01,0x04,0x05,0x03,0x02,0x08,0x02,0x09,
  0x01,0x04,0x03,0x03,0x01,0x04,0x0a,0x09,0x01,0x0c,0x03,0x09,0x06,0x03,0x02,0x04,
  0x04,0x09,0x01,0x0c,0x02,0x09,0x02,0x04,0x01,0x09,0x05,0x04,0x03,0x03,0x05,0x04,
  0x02,0x03,0x07,0x04,0x06,0x03,0x03,0x04,0x02,0x09,0x03,0x04,0x0f,0x03,0x03,0x04,
  0x08,0x03,0x01,0x08,0x01,0x03,0x02,0x08,0x03,0x03,0x05,0x08,0x01,0x03,0x02,0x08,
  0x01,0x02,0x01,0x08,0x01,0x02,0x0a,0x08,0x01,0x09,0x02,0x08,0x01,0x09,0x02,0x08,
  0x03,0x03,0x01,0x04,0x02,0x03,0x01,0x04,0x02,0x03,0x03,0x08,0x0d,0x04,0x02,0x03,
  0x01,0x04,0x18,0x03,0x02,0x03,0x01,0x08,0x0b,0x03,0x02,0x08,0x01,0x03,0x03,0x08,
  0x06,0x03,0x01,0x04,0x0b,0x09,0x01,0x04,0x06,0x03,0x01,0x04,0x03,0x09,0x01,0x04,
  0x02,0x09,0x02,0x04,0x04,0x03,0x05,0x04,0x01,0x09,0x09,0x04,0x06,0x03,0x01,0x04,
  0x02,0x03,0x0a,0x04,0x02,0x03,0x0a,0x04,0x01,0x09,0x03,0x04,0x01,0x09,0x10,0x04,
  0x06,0x03,0x06,0x04,0x01,0x03,0x05,0x04,0x02,0x09,0x03,0x04,0x01,0x09,0x06,0x04,
  0x05,0x03,0x0d,0x04,0x08,0x03,0x03,0x04,0x12,0x03,0x08,0x04,0x05,0x03,0x02,0x04,
  0x06,0x03,0x03,0x04,0x1b,0x03,0x01,0x04,0x07,0x09,0x01,0x04,0x02,0x09,0x03,0x04,
  0x04,0x03,0x0b,0x04,0x01,0x03,0x01,0x04,0x0b,0x03,0x01,0x04,0x04,0x03,0x01,0x04,
  0x02,0x03,0x11,0x04,0x0f,0x03,0x01,0x04,0x01,0x03,0x01,0x04,0x09,0x03,0x04,0x04,
  0x01,0x09,0x04,0x04,0x01,0x03,0x01,0x04,0x31,0x03,0x01,0x04,0x02,0x03,0x02,0x04,
  0x02,0x03,0x03,0x04,0x04,0x03,0x0a,0x04,0x1f,0x03,0x01,0x04,0x01,0x03,0x02,0x04,
  0x39,0x03,0x02,0x04,0x13,0x03,0x02,0x04,0x1b,0x03,0x04,0x04,0x01,0x09,0x07,0x04,
  0x0a,0x03,0x04,0x04,0x29,0x03,0x1c,0x03,0x0a,0x04,0x80,0x03,0x01,0x04,0x57,0x03,
  0x07,0x04,0x3b,0x03,0x1e,0x03,0x01,0x04,0x49,0x03,0x01,0x04,0xd7,0x03,0x6a,0x03,
  0x01,0x04,0xd5,0x03,0x1e,0x03,0x01,0x04,0x01,0x03,0x03,0x04,0x01,0x03,0x01,0x04,
  0xff,0x03,0x1c,0x03,0xff,0x03,0x41,0x03,0x24,0x03,0x01,0x04,0xff,0x03,0x1c,0x03,
  0xff,0x0e,0x41,0x0e,0xff,0x0e,0x41,0x0e,0xff,0x0e,0x41,0x0e,0xff,0x0e,0x41,0x0e,
  0x10,0x0e,0x01,0x09,0x02,0x01,0x02,0x09,0x01,0x0c,0x04,0x01,0x01,0x09,0xff,0x0e,
  0x05,0x0e,0x01,0x09,0x01,0x01,0x01,0x09,0x02,0x0e,0x01,0x09,0x06,0x01,0x01,0x09,
  0x14,0x0e,0x06,0x0e,0x01,0x01,0x03,0x09,0x03,0x01,0x01,0x09,0x05,0x01,0x01,0x09,
  0x0a,0x01,0x59,0x0e,0x01,0x04,0x01,0x03,0x01,0x08,0x01,0x0c,0x04,0x09,0x12,0x0e,
  0x01,0x09,0x04,0x0e,0x01,0x09,0x83,0x0e,0x0b,0x01,0x01,0x0c,0x07,0x01,0x01,0x0c,
  0x05,0x01,0x0d,0x0e,0x02,0x01,0x01,0x0e,0x01,0x09,0x01,0x01,0x08,0x09,0x02,0x01,
  0x02,0x09,0x01,0x01,0x01,0x09,0x09,0x01,0x0b,0x0e,0x03,0x09,0x01,0x0e,0x02,0x09,
  0x15,0x0e,0x09,0x09,0x02,0x01,0x03,0x09,0x12,0x0e,0x02,0x04,0x01,0x09,0x01,0x08,
  0x02,0x09,0x01,0x08,0x01,0x09,0x01,0x08,0x01,0x09,0x01,0x08,0x02,0x09,0x01,0x0e,
  0x01,0x09,0x04,0x04,0x03,0x08,0x01,0x03,0x01,0x08,0x04,0x0c,0x02,0x08,0x01,0x09,
  0x09,0x08,0x05,0x09,0x03,0x0e,0x02,0x09,0x03,0x01,0x04,0x09,0x12,0x0e,0x01,0x09,
  0x03,0x0e,0x02,0x09,0x02,0x0e,0x01,0x09,0x02,0x01,0x03,0x09,0x32,0x0e,0x02,0x09,
  0x02,0x0e,0x01,0x09,0x01,0x01,0x01,0x09,0x0f,0x0e,0x01,0x09,0x02,0x0e,0x01,0x09,
  0x04,0x01,0x01,0x0e,0x02,0x09,0x02,0x01,0x01,0x09,0x04,0x01,0x01,0x09,0x01,0x0e,
  0x0c,0x01,0x01,0x09,0x03,0x01,0x04,0x09,0x07,0x01,0x01,0x0c,0x07,0x0e,0x02,0x09,
  0x01,0x01,0x03,0x0e,0x05,0x01,0x03,0x09,0x01,0x01,0x04,0x09,0x05,0x01,0x01,0x0c,
  0x13,0x01,0x02,0x09,0x38,0x0e,0x01,0x04,0x01,0x08,0x01,0x03,0x01,0x09,0x01,0x0c,
  0x01,0x08,0x01,0x03,0x01,0x09,0x02,0x0c,0x07,0x08,0x01,0x0c,0x06,0x08,0x01,0x03,
  0x04,0x09,0x03,0x08,0x02,0x09,0x01,0x03,0x01,0x08,0x01,0x03,0x01,0x08,0x01,0x0c,
  0x11,0x08,0x02,0x0e,0x01,0x09,0x1a,0x0e,0x01,0x09,0x19,0x0e,0x03,0x09,0x01,0x0e,
  0x01,0x09,0x17,0x0e,0x01,0x09,0x03,0x0e,0x03,0x09,0x11,0x0e,0x01,0x09,0x04,0x0e,
  0x03,0x09,0x01,0x01,0x03,0x09,0x02,0x01,0x01,0x09,0x07,0x01,0x08,0x09,0x03,0x01,
  0x0a,0x09,0x0b,0x01,0x04,0x0e,0x02,0x09,0x01,0x0e,0x02,0x01,0x01,0x09,0x04,0x01,
  0x0c,0x09,0x02,0x01,0x02,0x0c,0x02,0x01,0x04,0x09,0x01,0x01,0x01,0x0c,0x0c,0x01,
  0x02,0x09,0x09,0x01,0x27,0x0e,0x01,0x09,0x04,0x08,0x02,0x09,0x01,0x08,0x01,0x03,
  0x02,0x09,0x01,0x0c,0x01,0x09,0x01,0x03,0x01,0x08,0x01,0x09,0x0b,0x08,0x01,0x04,
  0x01,0x09,0x05,0x08,0x02,0x09,0x04,0x08,0x02,0x09,0x02,0x0c,0x01,0x08,0x01,0x03,
  0x01,0x09,0x01,0x0c,0x01,0x08,0x01,0x0c,0x01,0x08,0x01,0x0c,0x17,0x08,0x01,0x09,
  0x01,0x08,0x01,0x04,0x01,0x08,0x01,0x09,0x2d,0x0e,0x05,0x09,0x18,0x0e,0x02,0x09,
  0x01,0x0e,0x02,0x09,0x01,0x01,0x01,0x09,0x01,0x0e,0x0b,0x09,0x02,0x0e,0x0c,0x09,
  0x07,0x01,0x01,0x09,0x01,0x01,0x01,0x09,0x11,0x01,0x02,0x09,0x04,0x01,0x05,0x09,
  0x02,0x01,0x23,0x09,0x04,0x01,0x01,0x0c,0x01,0x01,0x03,0x09,0x01,0x01,0x01,0x09,
  0x07,0x01,0x01,0x09,0x07,0x01,0x01,0x09,0x01,0x01,0x01,0x09,0x1c,0x0e,0x01,0x04,
  0x04,0x08,0x03,0x09,0x01,0x08,0x02,0x09,0x01,0x08,0x01,0x03,0x1c,0x08,0x02,0x09,
  0x02,0x08,0x01,0x03,0x01,0x09,0x02,0x08,0x01,0x09,0x01,0x08,0x01,0x0c,0x01,0x09,
  0x04,0x0c,0x12,0x08,0x02,0x03,0x02,0x09,0x04,0x0c,0x04,0x09,0x0e,0x0e,0x01,0x09,
  0x01,0x04,0x01,0x03,0x12,0x08,0x01,0x0c,0x05,0x08,0x02,0x0c,0x01,0x09,0x02,0x0c,
  0x40,0x0e,0x07,0x09,0x03,0x0e,0x04,0x09,0x02,0x01,0x03,0x09,0x02,0x01,0x0a,0x09,
  0x02,0x09,0x01,0x0e,0x01,0x09,0x01,0x0e,0x04,0x09,0x01,0x01,0x01,0x09,0x02,0x01,
  0x04,0x09,0x05,0x01,0x01,0x09,0x08,0x01,0x06,0x09,0x01,0x01,0x02,0x09,0x09,0x01,
  0x03,0x09,0x02,0x01,0x01,0x09,0x05,0x01,0x01,0x0c,0x01,0x01,0x02,0x09,0x03,0x01,
  0x01,0x09,0x01,0x0e,0x02,0x09,0x05,0x01,0x01,0x09,0x02,0x0e,0x02,0x01,0x03,0x09,
  0x01,0x04,0x01,0x03,0x01,0x08,0x01,0x09,0x04,0x08,0x01,0x03,0x02,0x09,0x01,0x08,
  0x02,0x09,0x1e,0x08,0x03,0x09,0x01,0x0c,0x01,0x09,0x02,0x08,0x01,0x09,0x02,0x08,
  0x01,0x09,0x01,0x08,0x01,0x09,0x03,0x0c,0x01,0x09,0x07,0x08,0x01,0x09,0x0f,0x08,
  0x01,0x0f,0x05,0x08,0x01,0x09,0x01,0x08,0x01,0x09,0x01,0x01,0x01,0x09,0x1e,0x08,
  0x01,0x0c,0x04,0x08,0x02,0x0c,0x03,0x08,0x01,0x09,0x05,0x0c,0x01,0x09,0x27,0x0e,
  0x05,0x09,0x03,0x01,0x01,0x0e,0x01,0x09,0x02,0x01,0x01,0x0e,0x02,0x09,0x04,0x01,
  0x01,0x09,0x01,0x0e,0x02,0x09,0x1c,0x0e,0x01,0x09,0x03,0x0e,0x05,0x09,0x03,0x0e,
  0x05,0x09,0x01,0x0e,0x02,0x09,0x02,0x0e,0x01,0x09,0x01,0x0e,0x02,0x09,0x02,0x01,
  0x01,0x0c,0x01,0x09,0x01,0x0e,0x02,0x09,0x16,0x0e,0x03,0x09,0x02,0x0e,0x01,0x09,
  0x05,0x0e,0x02,0x09,0x01,0x03,0x0c,0x08,0x06,0x09,0x01,0x04,0x01,0x09,0x01,0x04,
  0x02,0x09,0x01,0x03,0x1d,0x08,0x03,0x09,0x01,0x0c,0x04,0x08,0x01,0x09,0x01,0x08,
  0x01,0x09,0x02,0x0c,0x01,0x09,0x07,0x08,0x04,0x09,0x1d,0x08,0x01,0x0c,0x1b,0x08,
  0x01,0x03,0x02,0x09,0x04,0x08,0x02,0x09,0x01,0x08,0x02,0x0c,0x01,0x08,0x01,0x0c,
  0x01,0x09,0x01,0x08,0x01,0x0c,0x01,0x08,0x01,0x09,0x06,0x0c,0x03,0x08,0x01,0x09,
  0x02,0x08,0x02,0x0c,0x09,0x0e,0x08,0x09,0x02,0x01,0x04,0x09,0x01,0x0e,0x02,0x09,
  0x01,0x0e,0x01,0x09,0x3b,0x0e,0x01,0x0e,0x03,0x09,0x01,0x0e,0x01,0x09,0x01,0x0e,
  0x03,0x09,0x06,0x0e,0x01,0x09,0x02,0x0e,0x05,0x09,0x07,0x0e,0x09,0x09,0x0e,0x0e,
  0x02,0x09,0x01,0x0e,0x03,0x09,0x0e,0x08,0x01,0x09,0x02,0x08,0x01,0x09,0x01,0x08,
  0x02,0x09,0x01,0x0c,0x01,0x09,0x02,0x08,0x01,0x09,0x05,0x08,0x01,0x03,0x0d,0x08,
  0x04,0x09,0x10,0x08,0x01,0x09,0x01,0x0c,0x01,0x09,0x0b,0x08,0x01,0x09,0x01,0x0c,
  0x04,0x09,0x01,0x08,0x01,0x0c,0x12,0x08,0x01,0x04,0x05,0x09,0x02,0x03,0x01,0x09,
  0x17,0x08,0x01,0x03,0x02,0x09,0x02,0x08,0x01,0x09,0x01,0x08,0x03,0x09,0x01,0x08,
  0x01,0x03,0x02,0x09,0x02,0x0c,0x02,0x09,0x02,0x0c,0x01,0x09,0x01,0x08,0x01,0x0c,
  0x01,0x09,0x01,0x0c,0x02,0x09,0x01,0x08,0x03,0x03,0x01,0x09,0x02,0x0c,0x01,0x08,
  0x01,0x0c,0x01,0x09,0x01,0x0e,0x0a,0x09,0x0e,0x0e,0x01,0x09,0x04,0x0e,0x01,0x09,
  0x02,0x08,0x01,0x0c,0x01,0x0f,0x01,0x08,0x01,0x0c,0x01,0x09,0x06,0x0e,0x01,0x09,
  0x04,0x0e,0x07,0x09,0x02,0x01,0x02,0x09,0x01,0x01,0x01,0x09,0x04,0x01,0x06,0x09,
  0x04,0x01,0x01,0x09,0x09,0x01,0x03,0x0e,0x02,0x09,0x05,0x0e,0x02,0x09,0x07,0x0e,
  0x01,0x09,0x04,0x0e,0x09,0x09,0x10,0x0e,0x01,0x09,0x04,0x0e,0x01,0x04,0x01,0x03,
  0x08,0x08,0x01,0x09,0x01,0x08,0x01,0x09,0x0d,0x08,0x01,0x09,0x03,0x08,0x02,0x09,
  0x05,0x0c,0x01,0x01,0x01,0x0c,0x01,0x08,0x01,0x09,0x01,0x0c,0x01,0x09,0x02,0x08,
  0x01,0x09,0x03,0x0c,0x01,0x09,0x03,0x08,0x03,0x09,0x1e,0x08,0x02,0x0c,0x03,0x09,
  0x08,0x08,0x01,0x09,0x02,0x0c,0x06,0x08,0x01,0x03,0x02,0x08,0x02,0x09,0x01,0x08,
  0x01,0x0c,0x01,0x09,0x01,0x03,0x01,0x08,0x02,0x09,0x01,0x0c,0x01,0x09,0x03,0x08,
  0x01,0x03,0x02,0x09,0x09,0x08,0x01,0x09,0x02,0x08,0x03,0x09,0x02,0x08,0x03,0x09,
  0x02,0x08,0x03,0x09,0x02,0x08,0x01,0x09,0x03,0x0c,0x04,0x08,0x02,0x0c,0x01,0x09,
  0x06,0x08,0x01,0x03,0x01,0x09,0x03,0x0c,0x03,0x08,0x1d,0x09,0x01,0x08,0x01,0x03,
  0x03,0x08,0x01,0x0c,0x02,0x09,0x01,0x0c,0x08,0x09,0x01,0x01,0x01,0x09,0x01,0x01,
  0x0d,0x09,0x01,0x03,0x02,0x08,0x01,0x03,0x01,0x08,0x02,0x0c,0x01,0x0f,0x01,0x0c,
  0x07,0x09,0x04,0x01,0x03,0x09,0x01,0x01,0x09,0x09,0x1d,0x0e,0x01,0x09,0x06,0x0e,
  0x01,0x04,0x01,0x0e,0x03,0x09,0x02,0x08,0x01,0x09,0x02,0x0c,0x0a,0x08,0x02,0x09,
  0x01,0x08,0x01,0x0c,0x03,0x09,0x01,0x08,0x01,0x09,0x02,0x0c,0x19,0x08,0x02,0x09,
  0x04,0x08,0x01,0x09,0x02,0x0c,0x01,0x08,0x02,0x09,0x01,0x0c,0x04,0x09,0x01,0x01,
  0x03,0x0c,0x01,0x09,0x02,0x0c,0x01,0x09,0x04,0x0c,0x11,0x08,0x02,0x09,0x02,0x0c,
  0x0c,0x08,0x02,0x09,0x0b,0x08,0x02,0x03,0x0a,0x08,0x01,0x09,0x01,0x08,0x01,0x09,
  0x02,0x08,0x03,0x09,0x01,0x08,0x01,0x03,0x02,0x09,0x01,0x08,0x01,0x09,0x01,0x08,
  0x02,0x03,0x02,0x08,0x01,0x09,0x01,0x08,0x02,0x09,0x02,0x0c,0x01,0x08,0x01,0x09,
  0x04,0x08,0x01,0x0c,0x07,0x08,0x02,0x09,0x01,0x08,0x01,0x03,0x01,0x09,0x01,0x0c,
  0x01,0x08,0x02,0x0c,0x01,0x09,0x01,0x0e,0x04,0x09,0x09,0x0e,0x09,0x09,0x05,0x08,
  0x02,0x09,0x01,0x08,0x02,0x09,0x02,0x0c,0x01,0x09,0x02,0x0c,0x0d,0x09,0x01,0x01,
  0x01,0x09,0x01,0x04,0x03,0x0c,0x01,0x09,0x01,0x08,0x01,0x03,0x05,0x08,0x05,0x0c,
  0x0d,0x01,0x02,0x09,0x16,0x0e,0x01,0x04,0x01,0x09,0x01,0x04,0x02,0x08,0x01,0x09,
  0x02,0x0c,0x01,0x09,0x01,0x02,0x1e,0x08,0x01,0x09,0x0a,0x08,0x01,0x09,0x06,0x0c,
  0x01,0x09,0x0c,0x08,0x01,0x09,0x06,0x08,0x01,0x0c,0x01,0x09,0x01,0x08,0x01,0x09,
  0x03,0x0c,0x01,0x09,0x02,0x08,0x02,0x09,0x02,0x0c,0x11,0x08,0x02,0x09,0x03,0x0c,
  0x01,0x09,0x01,0x08,0x01,0x09,0x02,0x0c,0x01,0x09,0x01,0x08,0x01,0x09,0x09,0x08,
  0x01,0x09,0x04,0x0c,0x11,0x08,0x01,0x09,0x01,0x08,0x01,0x03,0x07,0x08,0x01,0x03,
  0x02,0x09,0x01,0x03,0x03,0x09,0x04,0x08,0x02,0x09,0x0b,0x08,0x01,0x09,0x01,0x0c,
  0x06,0x08,0x01,0x0c,0x01,0x09,0x07,0x08,0x01,0x03,0x01,0x09,0x01,0x08,0x01,0x09,
  0x02,0x0c,0x01,0x09,0x02,0x0c,0x01,0x09,0x0b,0x0e,0x02,0x09,0x05,0x0e,0x03,0x09,
  0x04,0x08,0x01,0x03,0x01,0x09,0x03,0x0c,0x02,0x09,0x01,0x08,0x04,0x0c,0x08,0x09,
  0x04,0x01,0x01,0x09,0x01,0x03,0x02,0x08,0x01,0x09,0x02,0x0c,0x02,0x08,0x01,0x03,
  0x03,0x08,0x01,0x09,0x03,0x0c,0x01,0x0f,0x03,0x0c,0x0c,0x01,0x11,0x0e,0x01,0x09,
  0x02,0x0e,0x01,0x09,0x01,0x03,0x0f,0x08,0x01,0x09,0x01,0x0c,0x01,0x09,0x05,0x08,
  0x01,0x09,0x01,0x08,0x01,0x09,0x03,0x08,0x03,0x09,0x01,0x03,0x04,0x09,0x03,0x08,
  0x01,0x09,0x01,0x08,0x02,0x09,0x07,0x08,0x01,0x03,0x01,0x09,0x04,0x0c,0x01,0x08,
  0x02,0x0c,0x05,0x08,0x01,0x09,0x08,0x08,0x01,0x03,0x01,0x08,0x01,0x09,0x11,0x08,
  0x02,0x0c,0x0a,0x08,0x01,0x09,0x02,0x0c,0x01,0x09,0x1c,0x08,0x03,0x0c,0x01,0x09,
  0x02,0x0c,0x03,0x09,0x02,0x0c,0x02,0x09,0x02,0x0c,0x01,0x08,0x02,0x09,0x01,0x0c,
  0x01,0x09,0x23,0x08,0x01,0x03,0x02,0x08,0x01,0x03,0x01,0x09,0x01,0x0c,0x0a,0x08,
  0x03,0x0c,0x01,0x09,0x04,0x0c,0x02,0x0e,0x01,0x09,0x02,0x0e,0x01,0x09,0x01,0x0e,
  0x01,0x09,0x02,0x08,0x01,0x03,0x03,0x0c,0x04,0x09,0x01,0x04,0x01,0x03,0x05,0x08,
  0x01,0x09,0x03,0x0c,0x01,0x09,0x01,0x08,0x05,0x0c,0x01,0x08,0x02,0x0c,0x05,0x09,
  0x02,0x01,0x01,0x09,0x02,0x03,0x01,0x08,0x02,0x09,0x03,0x0c,0x01,0x09,0x01,0x08,
  0x02,0x03,0x02,0x08,0x02,0x09,0x01,0x08,0x05,0x0c,0x0c,0x01,0x01,0x0e,0x0a,0x09,
  0x02,0x04,0x06,0x09,0x01,0x08,0x01,0x03,0x01,0x08,0x02,0x09,0x03,0x08,0x02,0x09,
  0x01,0x0c,0x01,0x08,0x02,0x0c,0x01,0x09,0x02,0x0c,0x02,0x09,0x01,0x08,0x01,0x09,
  0x01,0x03,0x01,0x08,0x01,0x09,0x04,0x08,0x02,0x09,0x01,0x0c,0x02,0x09,0x04,0x08,
  0x02,0x09,0x01,0x08,0x01,0x03,0x05,0x09,0x02,0x08,0x01,0x03,0x04,0x08,0x04,0x09,
  0x07,0x0c,0x01,0x09,0x01,0x08,0x02,0x09,0x04,0x0c,0x04,0x08,0x01,0x09,0x02,0x08,
  0x04,0x09,0x01,0x0c,0x01,0x09,0x04,0x0c,0x01,0x08,0x01,0x09,0x02,0x08,0x01,0x09,
  0x05,0x08,0x03,0x0c,0x05,0x08,0x01,0x09,0x05,0x08,0x03,0x0c,0x09,0x08,0x01,0x0c,
  0x05,0x08,0x01,0x09,0x01,0x03,0x01,0x08,0x01,0x09,0x01,0x03,0x01,0x08,0x01,0x09,
  0x01,0x08,0x03,0x09,0x07,0x0c,0x02,0x08,0x01,0x09,0x01,0x08,0x01,0x09,0x04,0x08,
  0x01,0x09,0x02,0x08,0x02,0x0c,0x01,0x09,0x03,0x08,0x01,0x09,0x01,0x08,0x01,0x0c,
  0x03,0x08,0x01,0x09,0x10,0x08,0x03,0x09,0x02,0x08,0x01,0x0c,0x01,0x09,0x01,0x03,
  0x03,0x09,0x02,0x0c,0x02,0x09,0x01,0x0c,0x01,0x09,0x07,0x08,0x02,0x0c,0x01,0x09,
  0x03,0x0c,0x01,0x08,0x01,0x09,0x01,0x0c,0x02,0x09,0x01,0x03,0x06,0x08,0x01,0x03,
  0x01,0x09,0x01,0x0c,0x03,0x09,0x01,0x03,0x04,0x08,0x02,0x09,0x01,0x03,0x01,0x0c,
  0x01,0x09,0x01,0x03,0x01,0x08,0x06,0x0c,0x01,0x08,0x01,0x09,0x01,0x0c,0x07,0x09,
  0x01,0x03,0x03,0x08,0x01,0x09,0x02,0x0c,0x01,0x08,0x01,0x03,0x01,0x08,0x01,0x09,
  0x05,0x08,0x02,0x09,0x05,0x0c,0x01,0x09,0x01,0x08,0x01,0x0c,0x09,0x01,0x08,0x09,
  0x01,0x04,0x09,0x09,0x01,0x08,0x04,0x09,0x02,0x08,0x02,0x09,0x01,0x0c,0x02,0x09,
  0x03,0x0c,0x05,0x09,0x03,0x08,0x01,0x09,0x01,0x08,0x01,0x09,0x01,0x08,0x03,0x09,
  0x01,0x0c,0x01,0x09,0x03,0x08,0x02,0x09,0x01,0x0c,0x01,0x09,0x02,0x03,0x02,0x09,
  0x01,0x0c,0x01,0x09,0x04,0x03,0x04,0x08,0x02,0x0c,0x01,0x08,0x02,0x09,0x08,0x0c,
  0x01,0x03,0x01,0x09,0x06,0x0c,0x01,0x03,0x02,0x08,0x01,0x09,0x01,0x08,0x01,0x09,
  0x02,0x0c,0x01,0x09,0x03,0x0c,0x02,0x09,0x03,0x0c,0x01,0x08,0x07,0x09,0x08,0x0c,
  0x01,0x09,0x01,0x08,0x03,0x09,0x01,0x08,0x04,0x09,0x01,0x0c,0x01,0x01,0x01,0x0c,
  0x01,0x01,0x02,0x0c,0x02,0x09,0x03,0x0c,0x02,0x09,0x04,0x0c,0x05,0x08,0x01,0x09,
  0x01,0x0c,0x02,0x09,0x04,0x0c,0x01,0x09,0x03,0x0c,0x03,0x09,0x03,0x0c,0x01,0x09,
  0x02,0x0c,0x01,0x09,0x01,0x0c,0x01,0x01,0x05,0x0c,0x02,0x09,0x05,0x0c,0x01,0x09,
  0x03,0x0c,0x02,0x09,0x03,0x0c,0x01,0x09,0x02,0x0c,0x01,0x09,0x07,0x0c,0x04,0x09,
  0x01,0x08,0x02,0x09,0x01,0x0c,0x04,0x09,0x02,0x0c,0x01,0x09,0x04,0x0c,0x01,0x09,
  0x03,0x0c,0x01,0x09,0x02,0x0c,0x02,0x09,0x02,0x0c,0x01,0x09,0x01,0x03,0x01,0x08,
  0x01,0x09,0x01,0x08,0x01,0x09,0x02,0x08,0x01,0x0c,0x02,0x09,0x01,0x0c,0x01,0x09,
  0x01,0x04,0x05,0x08,0x02,0x0c,0x02,0x08,0x01,0x03,0x01,0x09,0x08,0x0c,0x01,0x03,
  0x01,0x09,0x01,0x0c,0x02,0x01,0x02,0x0c,0x01,0x01,0x01,0x09,0x02,0x08,0x02,0x09,
  0x02,0x0c,0x01,0x08,0x01,0x03,0x01,0x08,0x02,0x01,0x01,0x09,0x01,0x03,0x03,0x08,
  0x01,0x09,0x06,0x0c,0x01,0x08,0x01,0x03,0x01,0x09,0x01,0x0c,0x08,0x01,0xff,0x03,
  0x09,0x03,0x01,0x04,0x02,0x03,0x01,0x04,0x01,0x03,0x0d,0x04,0x01,0x09,0x03,0x04,
  0x01,0x0e,0x01,0x04,0x04,0x09,0x01,0x0e,0x01,0x09,0x04,0x0e,0x01,0x09,0x01,0x0e,
  0x02,0x09,0x01,0x0e,0x10,0x09,0x01,0x0e,0xff,0x03,0x0f,0x03,0x01,0x04,0x03,0x03,
  0x01,0x04,0x02,0x03,0x01,0x04,0x01,0x03,0x02,0x04,0x02,0x03,0x03,0x04,0x01,0x03,
  0x01,0x04,0x01,0x09,0x02,0x04,0x01,0x09,0x09,0x04,0x08,0x09,0x02,0x04,0x02,0x09,
  0x01,0x04,0x01,0x09,0x05,0x04,0xff,0x03,0x19,0x03,0x01,0x04,0x02,0x03,0x01,0x04,
  0x02,0x03,0x01,0x04,0x02,0x03,0x01,0x04,0x05,0x03,0x01,0x04,0x01,0x03,0x01,0x04,
  0x01,0x03,0x01,0x04,0x01,0x03,0x05,0x09,0x03,0x03,0x01,0x04,0x0a,0x03,0xff,0x03,
  0x18,0x03,0x01,0x04,0x01,0x03,0x02,0x09,0x05,0x03,0x02,0x09,0x05,0x03,0x02,0x04,
  0x01,0x03,0x01,0x09,0x01,0x04,0x01,0x09,0x02,0x04,0x04,0x09,0x01,0x04,0x02,0x03,
  0x01,0x04,0x09,0x03,0x04,0x03,0x01,0x02,0x01,0x03,0x04,0x02,0x01,0x03,0x03,0x02,
  0x4e,0x03,0x03,0x02,0x04,0x03,0x04,0x02,0x02,0x03,0x01,0x02,0x34,0x03,0x03,0x02,
  0x02,0x03,0x01,0x02,0x20,0x03,0x01,0x04,0x01,0x03,0x01,0x08,0x01,0x04,0x07,0x03,
  0x01,0x04,0x22,0x03,0x01,0x04,0x01,0x09,0x01,0x03,0x01,0x09,0x0c,0x03,0x01,0x09,
  0x03,0x03,0x02,0x09,0x15,0x03,0x02,0x09,0x01,0x04,0x02,0x09,0x02,0x04,0x01,0x03,
  0x01,0x09,0x01,0x04,0x19,0x03,0xff,0x04,0x41,0x04,0xff,0x04,0x41,0x04,0xff,0x04,
  0x38,0x04,0x02,0x0e,0x07,0x04,0xff,0x04,0x1f,0x04,0x01,0x0e,0x04,0x04,0x01,0x07,
  0x01,0x08,0x01,0x0e,0x09,0x04,0x01,0x08,0x01,0x07,0x04,0x0b,0x05,0x0d,0x01,0x03,
  0x01,0x04,0x01,0x07,0x03,0x0b,0xf6,0x04,0x01,0x0e,0x11,0x04,0x01,0x08,0x02,0x07,
  0x07,0x0b,0x01,0x07,0x01,0x08,0x04,0x04,0x01,0x08,0x03,0x0b,0x04,0x0d,0x01,0x04,
  0x01,0x08,0x03,0x0b,0x01,0x08,0x05,0x0c,0x01,0x0a,0x02,0x0c,0x01,0x0a,0x05,0x0f,
  0x03,0x0a,0x05,0x0f,0x04,0x0b,0x02,0x0e,0x60,0x04,0x04,0x0e,0x02,0x04,0x06,0x0e,
  0x01,0x04,0x02,0x0e,0x01,0x04,0x02,0x0e,0x03,0x09,0x03,0x0e,0x01,0x09,0x03,0x0e,
  0x2a,0x04,0x01,0x0e,0x25,0x04,0x01,0x0e,0x03,0x04,0x02,0x0e,0x02,0x09,0x01,0x0e,
  0x02,0x04,0x05,0x0e,0x02,0x04,0x01,0x09,0x01,0x0c,0x01,0x0a,0x02,0x08,0x09,0x04,
  0x01,0x0e,0x03,0x04,0x01,0x0e,0x01,0x04,0x02,0x08,0x01,0x07,0x01,0x02,0x04,0x08,
  0x01,0x02,0x01,0x03,0x03,0x04,0x01,0x03,0x03,0x0e,0x02,0x03,0x05,0x04,0x01,0x03,
  0x02,0x08,0x01,0x03,0x02,0x04,0x01,0x09,0x03,0x0f,0x02,0x0b,0x01,0x0f,0x01,0x0b,
  0x01,0x07,0x0e,0x0c,0x01,0x0f,0x02,0x0c,0x01,0x08,0x02,0x0c,0x01,0x08,0x02,0x0c,
  0x01,0x08,0x01,0x01,0x01,0x0a,0x01,0x08,0x01,0x01,0x01,0x0a,0x01,0x0f,0x01,0x0b,
  0x02,0x0f,0x01,0x0d,0x01,0x08,0x01,0x0b,0x01,0x0f,0x02,0x0e,0x01,0x04,0x02,0x0e,
  0x01,0x04,0x03,0x0e,0x10,0x04,0x02,0x0e,0x02,0x04,0x02,0x0e,0x09,0x04,0x03,0x0e,
  0x01,0x04,0x02,0x0e,0x01,0x04,0x01,0x0e,0x06,0x04,0x03,0x0e,0x03,0x04,0x04,0x0e,
  0x02,0x04,0x04,0x0e,0x01,0x04,0x04,0x0e,0x03,0x04,0x09,0x0e,0x02,0x04,0x03,0x0e,
  0x03,0x04,0x01,0x0e,0x01,0x04,0x02,0x0e,0x02,0x09,0x03,0x0e,0x0f,0x04,0x01,0x0e,
  0x04,0x04,0x01,0x0e,0x05,0x04,0x08,0x0e,0x05,0x04,0x01,0x0e,0x01,0x04,0x04,0x0e,
  0x02,0x04,0x03,0x0e,0x0b,0x04,0x06,0x0e,0x01,0x04,0x03,0x0e,0x04,0x04,0x03,0x0e,
  0x08,0x04,0x02,0x0e,0x01,0x04,0x01,0x0e,0x02,0x04,0x01,0x0e,0x02,0x04,0x01,0x0e,
  0x02,0x04,0x01,0x0e,0x02,0x04,0x01,0x0e,0x01,0x09,0x01,0x0e,0x01,0x0c,0x05,0x01,
  0x03,0x09,0x01,0x0e,0x01,0x09,0x03,0x0e,0x01,0x04,0x02,0x0c,0x01,0x09,0x01,0x0c,
  0x01,0x0b,0x01,0x08,0x02,0x04,0x02,0x09,0x03,0x08,0x01,0x09,0x02,0x08,0x06,0x07,
  0x01,0x08,0x02,0x07,0x04,0x08,0x01,0x07,0x02,0x08,0x02,0x07,0x01,0x08,0x01,0x02,
  0x01,0x0d,0x01,0x07,0x01,0x0b,0x01,0x0d,0x02,0x07,0x06,0x0b,0x02,0x0f,0x03,0x0b,
  0x01,0x0f,0x04,0x0b,0x01,0x0d,0x01,0x0b,0x01,0x0c,0x01,0x0a,0x01,0x0f,0x01,0x0c,
  0x02,0x0f,0x11,0x0c,0x01,0x0f,0x02,0x0c,0x01,0x0a,0x01,0x0c,0x01,0x0f,0x01,0x0b,
  0x01,0x0d,0x01,0x08,0x01,0x0b,0x02,0x0d,0x02,0x08,0x03,0x04,0x03,0x0e,0x04,0x04,
  0x01,0x0e,0x03,0x04,0x03,0x0e,0x02,0x09,0x46,0x0e,0x01,0x04,0x01,0x09,0x01,0x0c,
  0x02,0x01,0x02,0x09,0x05,0x01,0x04,0x09,0x01,0x0e,0x02,0x04,0x01,0x0e,0x01,0x04,
  0x23,0x0e,0x02,0x04,0x03,0x0e,0x01,0x04,0x03,0x0e,0x02,0x09,0x02,0x0e,0x01,0x04,
  0x07,0x0e,0x02,0x04,0x03,0x0e,0x02,0x04,0x01,0x0e,0x01,0x04,0x02,0x0e,0x01,0x04,
  0x01,0x0e,0x04,0x09,0x11,0x0e,0x02,0x04,0x03,0x0e,0x03,0x09,0x02,0x08,0x06,0x09,
  0x05,0x08,0x01,0x02,0x01,0x08,0x04,0x0c,0x09,0x08,0x01,0x0f,0x02,0x0a,0x05,0x0f,
  0x02,0x0a,0x05,0x0f,0x02,0x0b,0x03,0x08,0x01,0x02,0x01,0x0b,0x01,0x0d,0x03,0x0b,
  0x02,0x02,0x01,0x0d,0x02,0x08,0x01,0x0f,0x01,0x07,0x01,0x08,0x01,0x0f,0x01,0x07,
  0x01,0x08,0x01,0x0f,0x01,0x08,0x01,0x0c,0x01,0x0f,0x01,0x08,0x01,0x0f,0x01,0x0c,
  0x03,0x08,0x01,0x01,0x01,0x0b,0x01,0x08,0x01,0x0c,0x02,0x08,0x01,0x0c,0x01,0x0b,
  0x02,0x08,0x01,0x0c,0x01,0x0b,0x01,0x08,0x01,0x0c,0x01,0x0d,0x01,0x0c,0x01,0x08,
  0x01,0x0b,0x01,0x0c,0x01,0x0f,0x01,0x08,0x01,0x0c,0x01,0x0f,0x01,0x08,0x01,0x0f,
  0x01,0x0b,0x01,0x07,0x01,0x0c,0x01,0x07,0x05,0x0b,0x01,0x0d,0x02,0x0b,0x01,0x09,
  0x01,0x0e,0x04,0x09,0x03,0x0e,0x03,0x09,0x24,0x0e,0x02,0x04,0x03,0x0e,0x01,0x04,
  0x0f,0x0e,0x04,0x09,0x10,0x0e,0x01,0x09,0x09,0x01,0x02,0x09,0x04,0x01,0x01,0x09,
  0x02,0x01,0x03,0x09,0x1f,0x0e,0x01,0x09,0x02,0x0e,0x05,0x01,0x04,0x09,0x02,0x04,
  0x09,0x0e,0x01,0x09,0x01,0x01,0x02,0x09,0x01,0x0e,0x05,0x09,0x04,0x0e,0x02,0x04,
  0x02,0x0e,0x01,0x04,0x02,0x03,0x02,0x04,0x01,0x08,0x01,0x04,0x01,0x09,0x01,0x07,
  0x03,0x09,0x08,0x08,0x03,0x07,0x02,0x02,0x01,0x07,0x01,0x08,0x03,0x02,0x02,0x08,
  0x01,0x0f,0x01,0x0a,0x06,0x0f,0x04,0x0c,0x04,0x08,0x02,0x0f,0x01,0x01,0x06,0x0c,
  0x02,0x0f,0x01,0x0a,0x01,0x0c,0x01,0x0f,0x02,0x0c,0x04,0x08,0x01,0x0f,0x01,0x08,
  0x01,0x0c,0x01,0x0b,0x01,0x08,0x01,0x07,0x01,0x0d,0x03,0x0b,0x01,0x0d,0x01,0x08,
  0x01,0x0c,0x01,0x08,0x03,0x0c,0x01,0x08,0x01,0x0c,0x01,0x0f,0x01,0x08,0x02,0x0c,
  0x01,0x0b,0x04,0x0c,0x01,0x0f,0x04,0x0b,0x01,0x07,0x1f,0x0b,0x04,0x0d,0x2d,0x0e,
  0x09,0x09,0x09,0x0e,0x01,0x09,0x01,0x0c,0x02,0x01,0x01,0x09,0x0b,0x0e,0x01,0x09,
  0x05,0x0e,0x01,0x09,0x09,0x01,0x01,0x09,0x06,0x01,0x08,0x09,0x05,0x0e,0x01,0x04,
  0x01,0x0e,0x04,0x09,0x08,0x0e,0x04,0x09,0x06,0x0e,0x01,0x04,0x01,0x0e,0x01,0x09,
  0x0b,0x01,0x01,0x09,0x03,0x01,0x04,0x09,0x02,0x0e,0x02,0x09,0x04,0x0e,0x01,0x04,
  0x04,0x08,0x01,0x04,0x01,0x09,0x01,0x04,0x01,0x08,0x04,0x03,0x01,0x08,0x02,0x03,
  0x01,0x08,0x01,0x02,0x01,0x08,0x02,0x02,0x01,0x07,0x01,0x02,0x02,0x08,0x01,0x0f,
  0x05,0x0a,0x09,0x0f,0x02,0x0b,0x01,0x0d,0x07,0x0c,0x01,0x0f,0x01,0x0a,0x01,0x08,
  0x01,0x0b,0x03,0x08,0x05,0x0c,0x02,0x07,0x02,0x0b,0x01,0x0d,0x06,0x0b,0x01,0x07,
  0x02,0x0b,0x02,0x0d,0x02,0x0b,0x02,0x0d,0x01,0x02,0x01,0x07,0x02,0x0d,0x01,0x07,
  0x04,0x0b,0x01,0x0d,0x02,0x0f,0x01,0x08,0x02,0x0a,0x01,0x0f,0x03,0x0a,0x02,0x0f,
  0x01,0x0a,0x01,0x05,0x04,0x0a,0x03,0x0f,0x01,0x0b,0x01,0x0a,0x01,0x0f,0x01,0x0d,
  0x01,0x0f,0x01,0x0a,0x01,0x0f,0x02,0x0b,0x03,0x0f,0x05,0x0a,0x01,0x0f,0x02,0x0a,
  0x01,0x0f,0x03,0x0a,0x02,0x0b,0x01,0x05,0x02,0x0f,0x02,0x0b,0x01,0x0d,0x02,0x0b,
  0x04,0x0d,0x01,0x0b,0x02,0x01,0x02,0x09,0x03,0x0e,0x02,0x09,0x05,0x0e,0x03,0x09,
  0x10,0x0e,0x09,0x09,0x05,0x04,0x08,0x0e,0x04,0x09,0x02,0x0e,0x01,0x09,0x06,0x01,
  0x05,0x09,0x05,0x0e,0x01,0x09,0x03,0x01,0x03,0x09,0x07,0x01,0x03,0x09,0x06,0x01,
  0x04,0x09,0x03,0x01,0x04,0x09,0x01,0x01,0x01,0x09,0x05,0x01,0x02,0x09,0x01,0x01,
  0x03,0x09,0x06,0x0e,0x02,0x09,0x02,0x0e,0x01,0x09,0x0a,0x01,0x02,0x09,0x03,0x01,
  0x07,0x09,0x01,0x08,0x01,0x09,0x02,0x0c,0x01,0x0a,0x01,0x08,0x01,0x0a,0x01,0x0c,
  0x01,0x0a,0x01,0x0f,0x06,0x08,0x07,0x0c,0x02,0x0a,0x01,0x0c,0x08,0x0f,0x09,0x0c,
  0x01,0x0f,0x01,0x0a,0x03,0x08,0x02,0x0a,0x01,0x0c,0x01,0x0f,0x01,0x07,0x01,0x0d,
  0x01,0x08,0x01,0x0f,0x04,0x08,0x01,0x0c,0x01,0x0b,0x01,0x08,0x03,0x07,0x02,0x0b,
  0x01,0x08,0x01,0x0c,0x01,0x07,0x01,0x0d,0x02,0x0c,0x01,0x08,0x01,0x09,0x02,0x08,
  0x01,0x0c,0x01,0x07,0x02,0x08,0x01,0x0d,0x01,0x08,0x01,0x0b,0x01,0x07,0x01,0x0b,
  0x01,0x08,0x01,0x0f,0x01,0x0b,0x03,0x08,0x03,0x0f,0x06,0x0b,0x01,0x0f,0x01,0x0a,
  0x01,0x0f,0x01,0x0b,0x01,0x0a,0x02,0x05,0x01,0x0a,0x01,0x05,0x01,0x0a,0x01,0x0f,
  0x01,0x0a,0x01,0x05,0x03,0x0a,0x01,0x0f,0x02,0x0b,0x04,0x0a,0x01,0x0b,0x01,0x0a,
  0x01,0x05,0x01,0x0a,0x01,0x0f,0x01,0x0b,0x01,0x0f,0x01,0x0a,0x01,0x0f,0x01,0x08,
  0x01,0x0f,0x04,0x0b,0x03,0x0a,0x01,0x0f,0x03,0x0a,0x01,0x0f,0x04,0x0a,0x01,0x0f,
  0x02,0x0b,0x01,0x0f,0x01,0x0b,0x02,0x0f,0x03,0x0b,0x01,0x01,0x06,0x09,0x01,0x0e,
  0x02,0x09,0x01,0x0e,0x01,0x09,0x02,0x01,0x04,0x09,0x01,0x01,0x02,0x09,0x02,0x01,
  0x03,0x09,0x0b,0x04,0x01,0x09,0x0a,0x04,0x04,0x03,0x01,0x04,0x06,0x09,0x01,0x01,
  0x0c,0x09,0x07,0x01,0x01,0x0c,0x14,0x09,0x05,0x01,0x0b,0x09,0x01,0x01,0x08,0x09,
  0x05,0x01,0x01,0x09,0x02,0x01,0x06,0x09,0x02,0x03,0x05,0x09,0x01,0x08,0x04,0x03,
  0x0c,0x08,0x01,0x02,0x02,0x08,0x01,0x02,0x02,0x08,0x03,0x02,0x01,0x0d,0x01,0x08,
  0x02,0x0c,0x01,0x0f,0x03,0x0a,0x01,0x0f,0x01,0x0a,0x01,0x0f,0x01,0x0c,0x01,0x08,
  0x02,0x0f,0x02,0x0c,0x01,0x0f,0x0b,0x0c,0x06,0x08,0x01,0x09,0x02,0x08,0x01,0x0b,
  0x01,0x02,0x02,0x08,0x01,0x0b,0x02,0x08,0x01,0x07,0x02,0x0b,0x04,0x08,0x01,0x0c,
  0x01,0x08,0x01,0x0c,0x01,0x0b,0x01,0x0d,0x01,0x08,0x01,0x0f,0x02,0x0c,0x02,0x08,
  0x02,0x0c,0x01,0x0f,0x01,0x08,0x01,0x0f,0x01,0x0c,0x01,0x0f,0x01,0x0b,0x02,0x0c,
  0x02,0x08,0x01,0x0b,0x02,0x08,0x01,0x0d,0x08,0x0b,0x01,0x0f,0x03,0x0a,0x01,0x0f,
  0x01,0x05,0x02,0x0a,0x01,0x0f,0x04,0x0a,0x01,0x0f,0x01,0x0b,0x02,0x0f,0x01,0x0a,
  0x01,0x0f,0x02,0x0a,0x02,0x0f,0x01,0x0a,0x01,0x05,0x04,0x0a,0x01,0x0f,0x02,0x0a,
  0x01,0x0f,0x06,0x0b,0x03,0x0a,0x01,0x0f,0x02,0x0a,0x01,0x0f,0x01,0x0a,0x02,0x05,
  0x01,0x0a,0x01,0x0f,0x01,0x0b,0x03,0x07,0x04,0x0b,0x01,0x0d,0x01,0x0b,0x06,0x09,
  0x01,0x01,0x0a,0x09,0x29,0x04,0x03,0x03,0x0c,0x04,0x02,0x03,0x03,0x04,0x20,0x09,
  0x01,0x08,0x01,0x09,0x05,0x08,0x01,0x02,0x03,0x08,0x01,0x02,0x01,0x08,0x03,0x02,
  0x01,0x08,0x01,0x02,0x01,0x03,0x06,0x08,0x02,0x03,0x0a,0x08,0x02,0x0c,0x01,0x0f,
  0x01,0x0c,0x01,0x0a,0x03,0x0f,0x01,0x0b,0x02,0x0c,0x01,0x0a,0x01,0x0c,0x01,0x08,
  0x01,0x0f,0x01,0x07,0x01,0x02,0x02,0x07,0x01,0x02,0x01,0x08,0x02,0x0f,0x03,0x08,
  0x01,0x0f,0x03,0x08,0x02,0x0f,0x02,0x07,0x01,0x08,0x02,0x07,0x01,0x08,0x01,0x0b,
  0x01,0x08,0x0a,0x0b,0x02,0x0d,0x01,0x0b,0x01,0x08,0x02,0x0b,0x04,0x0d,0x01,0x0b,
  0x02,0x02,0x01,0x08,0x01,0x0d,0x01,0x0b,0x01,0x08,0x01,0x0d,0x01,0x08,0x01,0x02,
  0x03,0x0d,0x04,0x0c,0x01,0x0f,0x02,0x0c,0x03,0x08,0x02,0x0c,0x02,0x08,0x01,0x0f,
  0x02,0x0c,0x01,0x08,0x01,0x0f,0x01,0x08,0x01,0x0c,0x01,0x08,0x01,0x0f,0x02,0x0c,
  0x06,0x08,0x07,0x0b,0x01,0x0f,0x01,0x0a,0x01,0x05,0x02,0x0a,0x03,0x05,0x02,0x0a,
  0x01,0x0f,0x01,0x08,0x01,0x0b,0x01,0x0f,0x01,0x0a,0x01,0x05,0x01,0x0a,0x01,0x0f,
  0x01,0x05,0x05,0x0a,0x01,0x05,0x02,0x0a,0x01,0x0f,0x02,0x0a,0x01,0x0f,0x02,0x0a,
  0x01,0x0f,0x05,0x0b,0x02,0x0a,0x01,0x0b,0x01,0x0a,0x01,0x0f,0x01,0x0a,0x01,0x0f,
  0x01,0x0b,0x01,0x07,0x01,0x0b,0x03,0x0f,0x02,0x0b,0x01,0x08,0x01,0x0d,0x01,0x08,
  0x02,0x0b,0x03,0x0d,0x01,0x09,0x01,0x0e,0x54,0x04,0x03,0x03,0x04,0x04,0x04,0x09,
  0x03,0x08,0x01,0x09,0x05,0x08,0x01,0x02,0x01,0x08,0x01,0x02,0x05,0x0c,0x01,0x09,
  0x01,0x08,0x02,0x0c,0x01,0x09,0x01,0x0c,0x01,0x09,0x06,0x08,0x01,0x02,0x01,0x08,
  0x05,0x0c,0x01,0x0f,0x01,0x0a,0x05,0x0c,0x01,0x08,0x01,0x0a,0x01,0x08,0x02,0x0f,
  0x01,0x0a,0x06,0x0c,0x01,0x08,0x02,0x02,0x07,0x08,0x01,0x07,0x01,0x08,0x02,0x02,
  0x01,0x0f,0x01,0x0a,0x01,0x08,0x02,0x0f,0x01,0x08,0x04,0x0f,0x03,0x07,0x02,0x0d,
  0x03,0x0b,0x02,0x0d,0x02,0x0b,0x01,0x07,0x01,0x0b,0x02,0x0d,0x03,0x0b,0x01,0x0d,
  0x02,0x0b,0x01,0x08,0x01,0x0f,0x03,0x0c,0x01,0x0f,0x06,0x0c,0x01,0x0f,0x0a,0x0c,
  0x02,0x08,0x01,0x0c,0x03,0x0f,0x02,0x07,0x03,0x0f,0x02,0x07,0x01,0x0f,0x02,0x08,
  0x01,0x07,0x01,0x0b,0x01,0x0f,0x04,0x0c,0x04,0x08,0x05,0x0b,0x01,0x08,0x01,0x0b,
  0x02,0x08,0x02,0x05,0x02,0x0a,0x01,0x0c,0x04,0x05,0x01,0x0a,0x01,0x0b,0x01,0x0f,
  0x03,0x0a,0x01,0x0f,0x01,0x0a,0x01,0x05,0x02,0x0f,0x01,0x05,0x01,0x0a,0x02,0x05,
  0x01,0x0a,0x02,0x0f,0x02,0x0b,0x01,0x07,0x03,0x0b,0x02,0x0f,0x01,0x0b,0x01,0x0d,
  0x01,0x0b,0x01,0x0a,0x04,0x0f,0x05,0x0b,0x01,0x08,0x04,0x0f,0x01,0x0b,0x01,0x0f,
  0x02,0x0b,0x01,0x0f,0x03,0x0b,0x01,0x08,0x42,0x04,0x01,0x09,0x05,0x04,0x03,0x09,
  0x01,0x0c,0x01,0x09,0x07,0x08,0x01,0x03,0x03,0x08,0x01,0x09,0x01,0x08,0x02,0x03,
  0x01,0x08,0x04,0x03,0x02,0x08,0x02,0x03,0x01,0x08,0x01,0x03,0x18,0x08,0x01,0x02,
  0x07,0x08,0x01,0x0c,0x03,0x08,0x02,0x0c,0x01,0x08,0x01,0x0c,0x01,0x09,0x01,0x08,
  0x02,0x0c,0x09,0x08,0x01,0x02,0x04,0x08,0x01,0x07,0x02,0x02,0x01,0x08,0x01,0x02,
  0x01,0x08,0x04,0x0a,0x02,0x0f,0x01,0x05,0x02,0x0f,0x01,0x05,0x02,0x0f,0x01,0x07,
  0x01,0x08,0x05,0x0f,0x01,0x0b,0x01,0x02,0x02,0x0b,0x01,0x0f,0x03,0x0b,0x03,0x0d,
  0x03,0x0b,0x02,0x08,0x01,0x0b,0x01,0x0a,0x01,0x0c,0x02,0x08,0x01,0x0f,0x02,0x0c,
  0x02,0x08,0x01,0x0f,0x02,0x0c,0x01,0x08,0x01,0x0c,0x01,0x0f,0x01,0x07,0x01,0x08,
  0x02,0x07,0x01,0x0b,0x01,0x07,0x01,0x0f,0x02,0x08,0x01,0x0b,0x01,0x0a,0x01,0x0b,
  0x01,0x0f,0x07,0x0b,0x03,0x0d,0x01,0x0b,0x01,0x07,0x01,0x08,0x01,0x0c,0x01,0x08,
  0x01,0x0b,0x02,0x0f,0x05,0x0b,0x01,0x08,0x01,0x0b,0x01,0x08,0x01,0x05,0x02,0x0a,
  0x01,0x05,0x01,0x0a,0x03,0x05,0x02,0x0a,0x03,0x0f,0x04,0x0a,0x02,0x05,0x01,0x0a,
  0x01,0x05,0x02,0x0a,0x08,0x0b,0x01,0x0d,0x01,0x07,0x02,0x0b,0x01,0x0d,0x01,0x0f,
  0x06,0x0c,0x03,0x0f,0x02,0x0a,0x01,0x0b,0x01,0x08,0x01,0x0f,0x02,0x0a,0x01,0x0f,
  0x09,0x0b,0x19,0x04,0x05,0x09,0x0a,0x04,0x01,0x09,0x02,0x04,0x02,0x09,0x02,0x04,
  0x01,0x09,0x01,0x04,0x01,0x09,0x01,0x04,0x01,0x09,0x08,0x04,0x01,0x03,0x02,0x09,
  0x01,0x08,0x01,0x09,0x01,0x0c,0x01,0x09,0x02,0x08,0x01,0x09,0x03,0x08,0x01,0x03,
  0x07,0x08,0x01,0x02,0x01,0x03,0x05,0x08,0x01,0x09,0x03,0x0c,0x09,0x08,0x01,0x02,
  0x01,0x08,0x01,0x0f,0x01,0x08,0x01,0x0f,0x01,0x0a,0x01,0x0f,0x01,0x07,0x02,0x0f,
  0x02,0x08,0x02,0x0f,0x01,0x02,0x01,0x08,0x02,0x07,0x02,0x02,0x03,0x0b,0x01,0x08,
  0x01,0x0d,0x02,0x02,0x08,0x08,0x02,0x02,0x05,0x08,0x01,0x02,0x07,0x08,0x01,0x0a,
  0x03,0x0f,0x01,0x08,0x01,0x0f,0x01,0x0a,0x01,0x0f,0x01,0x05,0x01,0x0f,0x01,0x08,
  0x01,0x0f,0x03,0x08,0x04,0x0a,0x02,0x0f,0x05,0x05,0x03,0x0f,0x04,0x08,0x02,0x07,
  0x05,0x0b,0x01,0x08,0x01,0x0b,0x01,0x08,0x02,0x0b,0x02,0x08,0x05,0x0b,0x03,0x0f,
  0x01,0x0b,0x01,0x07,0x02,0x0c,0x02,0x08,0x01,0x0f,0x02,0x0c,0x01,0x0f,0x02,0x0b,
  0x01,0x0a,0x01,0x0f,0x02,0x0b,0x01,0x08,0x01,0x05,0x02,0x0a,0x03,0x0f,0x01,0x0a,
  0x01,0x05,0x03,0x0a,0x01,0x0b,0x02,0x0f,0x02,0x0b,0x02,0x08,0x01,0x0b,0x01,0x07,
  0x01,0x0b,0x02,0x07,0x02,0x0b,0x02,0x07,0x01,0x0d,0x01,0x07,0x01,0x0b,0x03,0x0d,
  0x01,0x05,0x01,0x0a,0x01,0x0f,0x03,0x0a,0x01,0x05,0x02,0x0a,0x01,0x05,0x01,0x0f,
  0x01,0x08,0x01,0x0f,0x02,0x05,0x01,0x0a,0x01,0x05,0x01,0x0a,0x02,0x05,0x01,0x0f,
  0x01,0x0a,0x03,0x0c,0x01,0x0f,0x01,0x08,0x01,0x0a,0x01,0x0f,0x02,0x0c,0x01,0x0f,
  0x01,0x08,0x02,0x0c,0x01,0x0a,0x02,0x08,0x02,0x0c,0x01,0x08,0x01,0x0f,0x05,0x0c,
  0x01,0x0a,0x01,0x0f,0x01,0x0b,0x01,0x0f,0x02,0x05,0x01,0x0f,0x01,0x0a,0x02,0x0f,
  0x02,0x0b,0x02,0x0f,0x03,0x0b,0x04,0x04,0x02,0x09,0x01,0x04,0x06,0x09,0x09,0x04,
  0x06,0x09,0x01,0x04,0x0a,0x09,0x01,0x04,0x01,0x09,0x02,0x04,0x02,0x09,0x01,0x04,
  0x05,0x09,0x01,0x03,0x03,0x08,0x02,0x09,0x2d,0x08,0x02,0x0a,0x01,0x0f,0x03,0x0a,
  0x01,0x05,0x01,0x0a,0x05,0x0f,0x01,0x05,0x01,0x0f,0x01,0x07,0x04,0x08,0x01,0x0b,
  0x03,0x08,0x01,0x0b,0x01,0x02,0x01,0x08,0x02,0x0f,0x01,0x08,0x02,0x0a,0x02,0x0f,
  0x03,0x08,0x03,0x0f,0x03,0x08,0x02,0x07,0x02,0x08,0x01,0x07,0x04,0x0a,0x01,0x08,
  0x01,0x0f,0x03,0x05,0x01,0x0f,0x02,0x0a,0x04,0x08,0x01,0x0a,0x01,0x05,0x01,0x0a,
  0x03,0x0f,0x03,0x0a,0x01,0x0c,0x01,0x0a,0x01,0x0c,0x01,0x05,0x01,0x0f,0x02,0x08,
  0x02,0x0f,0x03,0x0b,0x04,0x08,0x01,0x0b,0x08,0x08,0x02,0x0b,0x02,0x0f,0x01,0x0a,
  0x01,0x0f,0x01,0x0b,0x02,0x0f,0x01,0x0b,0x01,0x0f,0x01,0x08,0x01,0x0c,0x01,0x0f,
  0x01,0x0c,0x01,0x0a,0x01,0x0f,0x02,0x0a,0x03,0x0f,0x02,0x0c,0x04,0x0a,0x01,0x0f,
  0x01,0x0a,0x02,0x05,0x01,0x0a,0x03,0x0f,0x01,0x0b,0x02,0x0f,0x01,0x0b,0x01,0x07,
  0x03,0x0b,0x02,0x07,0x02,0x0b,0x01,0x0d,0x04,0x02,0x03,0x0c,0x01,0x0a,0x01,0x0b,
  0x01,0x0c,0x02,0x0b,0x02,0x0a,0x01,0x0f,0x02,0x0a,0x02,0x08,0x01,0x0f,0x02,0x05,
  0x01,0x0f,0x01,0x0c,0x01,0x05,0x02,0x0a,0x01,0x08,0x05,0x0c,0x01,0x0f,0x01,0x08,
  0x02,0x0a,0x01,0x0f,0x01,0x0b,0x01,0x0f,0x01,0x0a,0x01,0x08,0x01,0x0a,0x03,0x0f,
  0x01,0x08,0x01,0x0b,0x02,0x0f,0x02,0x0c,0x01,0x05,0x01,0x0a,0x01,0x0c,0x02,0x0a,
  0x01,0x05,0x01,0x0a,0x01,0x0b,0x02,0x0a,0x03,0x0f,0x01,0x0b,0x01,0x08,0x01,0x0f,
  0x03,0x08,0x11,0x09,0x01,0x04,0x03,0x09,0x04,0x08,0x01,0x03,0x0f,0x09,0x01,0x08,
  0x01,0x03,0x01,0x08,0x01,0x04,0x0b,0x03,0x01,0x08,0x01,0x0c,0x02,0x08,0x01,0x0c,
  0x15,0x08,0x01,0x0c,0x12,0x08,0x01,0x0f,0x01,0x05,0x02,0x0a,0x02,0x0c,0x01,0x05,
  0x02,0x0a,0x02,0x0f,0x02,0x0a,0x02,0x05,0x01,0x0a,0x01,0x0f,0x01,0x0a,0x01,0x0f,
  0x04,0x08,0x01,0x0b,0x02,0x08,0x01,0x07,0x01,0x08,0x02,0x07,0x01,0x0b,0x02,0x0f,
  0x02,0x08,0x01,0x0f,0x01,0x0a,0x03,0x0f,0x01,0x0a,0x01,0x0b,0x03,0x0f,0x03,0x08,
  0x01,0x0c,0x01,0x0a,0x01,0x0f,0x01,0x0c,0x01,0x0f,0x01,0x0a,0x01,0x0f,0x01,0x0a,
  0x01,0x0c,0x02,0x05,0x02,0x0a,0x01,0x08,0x01,0x0f,0x03,0x08,0x03,0x0a,0x01,0x0c,
  0x01,0x0a,0x01,0x05,0x01,0x0f,0x01,0x0b,0x01,0x0f,0x02,0x05,0x01,0x0a,0x02,0x08,
  0x04,0x0f,0x03,0x08,0x01,0x0d,0x07,0x08,0x01,0x0f,0x04,0x08,0x01,0x0b,0x01,0x0f,
  0x01,0x0a,0x01,0x0f,0x01,0x0a,0x01,0x0c,0x01,0x0a,0x01,0x0f,0x01,0x0b,0x01,0x0f,
  0x01,0x0b,0x01,0x08,0x04,0x0c,0x01,0x0a,0x01,0x0c,0x02,0x0f,0x02,0x05,0x02,0x0c,
  0x03,0x05,0x02,0x0f,0x01,0x0a,0x02,0x07,0x03,0x0b,0x02,0x0f,0x01,0x0b,0x04,0x0f,
  0x03,0x0b,0x02,0x0d,0x02,0x0b,0x01,0x02,0x09,0x0c,0x01,0x0b,0x01,0x08,0x02,0x0b,
  0x04,0x08,0x02,0x0a,0x01,0x0f,0x01,0x0a,0x01,0x05,0x04,0x0f,0x01,0x0c,0x01,0x05,
  0x01,0x0a,0x02,0x0c,0x01,0x0f,0x01,0x0a,0x02,0x0c,0x01,0x05,0x01,0x0b,0x02,0x0a,
  0x01,0x0f,0x02,0x0a,0x03,0x0f,0x02,0x0b,0x01,0x08,0x04,0x0c,0x02,0x0a,0x01,0x05,
  0x01,0x0a,0x01,0x0c,0x01,0x05,0x01,0x0c,0x01,0x0a,0x06,0x08,0x01,0x07,0x02,0x0b,
  0x05,0x03,0x02,0x04,0x03,0x03,0x01,0x04,0x01,0x03,0x03,0x04,0x02,0x09,0x01,0x03,
  0x01,0x04,0x09,0x03,0x01,0x04,0x02,0x09,0x01,0x04,0x03,0x09,0x04,0x08,0x01,0x03,
  0x02,0x08,0x03,0x03,0x01,0x09,0x01,0x08,0x03,0x03,0x06,0x08,0x06,0x0c,0x01,0x09,
  0x12,0x08,0x01,0x0c,0x01,0x09,0x01,0x0c,0x01,0x09,0x03,0x08,0x02,0x09,0x09,0x08,
  0x03,0x0a,0x01,0x0f,0x03,0x0a,0x01,0x0c,0x01,0x0a,0x01,0x0f,0x01,0x0a,0x01,0x08,
  0x02,0x05,0x02,0x0a,0x01,0x0c,0x01,0x05,0x03,0x0f,0x01,0x08,0x04,0x07,0x02,0x0b,
  0x02,0x07,0x01,0x0b,0x01,0x0d,0x01,0x02,0x01,0x0d,0x01,0x02,0x01,0x07,0x01,0x08,
  0x01,0x0b,0x03,0x0f,0x01,0x0a,0x02,0x0f,0x01,0x0a,0x01,0x0f,0x03,0x08,0x07,0x0c,
  0x01,0x0f,0x01,0x08,0x01,0x0c,0x01,0x0f,0x01,0x0a,0x01,0x0c,0x05,0x08,0x01,0x0a,
  0x01,0x05,0x01,0x0f,0x05,0x0c,0x01,0x08,0x01,0x0f,0x01,0x05,0x02,0x0f,0x01,0x08,
  0x01,0x0c,0x02,0x0a,0x01,0x0f,0x01,0x08,0x02,0x0b,0x02,0x08,0x01,0x0d,0x07,0x08,
  0x01,0x0a,0x01,0x0f,0x01,0x08,0x01,0x0b,0x01,0x08,0x06,0x0a,0x02,0x07,0x01,0x0b,
  0x01,0x07,0x01,0x0c,0x01,0x05,0x04,0x0c,0x01,0x0a,0x01,0x0f,0x05,0x05,0x01,0x0a,
  0x01,0x0f,0x02,0x07,0x02,0x0b,0x02,0x0d,0x03,0x0f,0x04,0x0b,0x02,0x0f,0x02,0x0b,
  0x06,0x0a,0x04,0x0c,0x02,0x0f,0x04,0x0c,0x05,0x08,0x01,0x0b,0x02,0x08,0x01,0x0a,
  0x03,0x0f,0x01,0x0a,0x02,0x0f,0x03,0x0c,0x01,0x0a,0x02,0x0c,0x01,0x0f,0x01,0x0a,
  0x05,0x0c,0x01,0x0f,0x01,0x0b,0x01,0x0f,0x02,0x0a,0x01,0x0f,0x04,0x0b,0x01,0x0c,
  0x01,0x0a,0x01,0x05,0x03,0x0c,0x01,0x05,0x01,0x0f,0x02,0x0c,0x01,0x0f,0x01,0x0c,
  0x01,0x0f,0x02,0x08,0x03,0x0b,0x01,0x0f,0x01,0x0a,0x01,0x0f,0x01,0x0b,0x03,0x04,
  0x01,0x09,0x04,0x04,0x01,0x09,0x04,0x04,0x06,0x03,0x02,0x04,0x02,0x03,0x02,0x09,
  0x01,0x03,0x02,0x09,0x01,0x04,0x02,0x03,0x01,0x04,0x02,0x03,0x04,0x09,0x02,0x08,
  0x02,0x03,0x01,0x08,0x02,0x03,0x02,0x09,0x03,0x03,0x04,0x08,0x01,0x09,0x02,0x0c,
  0x01,0x08,0x01,0x0c,0x01,0x09,0x03,0x0c,0x11,0x08,0x01,0x0c,0x01,0x09,0x03,0x0c,
  0x03,0x08,0x01,0x0c,0x09,0x08,0x01,0x0c,0x01,0x0f,0x01,0x0c,0x01,0x05,0x03,0x0c,
  0x01,0x0f,0x01,0x0c,0x02,0x0a,0x01,0x0f,0x01,0x08,0x01,0x0c,0x01,0x05,0x01,0x0f,
  0x02,0x0c,0x01,0x0a,0x02,0x0f,0x01,0x0a,0x01,0x08,0x02,0x0f,0x01,0x08,0x01,0x0f,
  0x01,0x0c,0x02,0x0f,0x03,0x08,0x01,0x0d,0x03,0x08,0x01,0x0b,0x03,0x08,0x02,0x0c,
  0x01,0x0f,0x05,0x08,0x03,0x0c,0x01,0x0a,0x04,0x0c,0x01,0x0f,0x04,0x08,0x01,0x0f,
  0x04,0x08,0x04,0x0c,0x01,0x0f,0x03,0x0c,0x01,0x0a,0x01,0x08,0x01,0x0f,0x02,0x0c,
  0x01,0x08,0x02,0x0c,0x01,0x0f,0x01,0x08,0x01,0x0f,0x06,0x08,0x01,0x0d,0x01,0x02,
  0x04,0x08,0x01,0x0a,0x01,0x0f,0x01,0x08,0x02,0x0f,0x01,0x08,0x02,0x0c,0x03,0x08,
  0x01,0x0f,0x01,0x0a,0x02,0x08,0x05,0x0c,0x01,0x0a,0x02,0x08,0x01,0x0c,0x01,0x0a,
  0x01,0x0f,0x01,0x0a,0x01,0x0f,0x02,0x0c,0x02,0x0f,0x02,0x0a,0x01,0x0b,0x01,0x0f,
  0x04,0x0c,0x07,0x08,0x01,0x0f,0x01,0x0c,0x02,0x0f,0x01,0x08,0x01,0x0f,0x01,0x05,
  0x02,0x0c,0x01,0x05,0x01,0x0c,0x05,0x08,0x01,0x0c,0x05,0x08,0x02,0x02,0x01,0x08,
  0x02,0x0f,0x03,0x0c,0x01,0x08,0x06,0x0c,0x01,0x0f,0x01,0x08,0x01,0x0a,0x03,0x0c,
  0x01,0x0f,0x02,0x0a,0x02,0x08,0x01,0x0a,0x02,0x0f,0x03,0x0c,0x01,0x08,0x01,0x0a,
  0x01,0x0c,0x01,0x0f,0x02,0x0c,0x01,0x0a,0x01,0x0c,0x01,0x08,0x01,0x0f,0x01,0x0c,
  0x02,0x0f,0x03,0x08,0x01,0x0f,0x02,0x0a,0x01,0x0f,0x03,0x08,0x1d,0x09,0x01,0x04,
  0x09,0x09,0x01,0x03,0x01,0x04,0x07,0x09,0x04,0x03,0x01,0x04,0x03,0x09,0x02,0x08,
  0x01,0x09,0x01,0x08,0x03,0x09,0x01,0x08,0x02,0x03,0x01,0x08,0x04,0x09,0x03,0x08,
  0x04,0x03,0x02,0x09,0x03,0x08,0x01,0x09,0x01,0x08,0x01,0x09,0x01,0x0c,0x03,0x09,
  0x1a,0x08,0x01,0x0c,0x03,0x08,0x01,0x0c,0x01,0x08,0x01,0x02,0x01,0x0c,0x0b,0x08,
  0x02,0x0c,0x03,0x08,0x01,0x0c,0x02,0x08,0x02,0x0c,0x0b,0x08,0x01,0x0f,0x06,0x08,
  0x01,0x02,0x07,0x08,0x01,0x0f,0x03,0x08,0x01,0x0f,0x0e,0x08,0x01,0x02,0x05,0x08,
  0x01,0x0c,0x02,0x08,0x01,0x0c,0x01,0x08,0x01,0x0c,0x04,0x08,0x01,0x0c,0x01,0x0f,
  0x09,0x08,0x01,0x02,0x05,0x08,0x01,0x0f,0x02,0x08,0x01,0x0c,0x0b,0x08,0x03,0x02,
  0x06,0x08,0x01,0x0b,0x05,0x08,0x01,0x0b,0x01,0x0f,0x01,0x08,0x02,0x0d,0x01,0x08,
  0x01,0x0d,0x02,0x08,0x04,0x02,0x01,0x0d,0x01,0x08,0x01,0x0f,0x02,0x08,0x01,0x0f,
  0x01,0x08,0x01,0x0b,0x06,0x08,0x01,0x0d,0x02,0x08,0x01,0x0b,0x03,0x08,0x01,0x0b,
  0x01,0x0d,0x01,0x0b,0x02,0x0f,0x02,0x08,0x01,0x0f,0x03,0x08,0x03,0x0b,0x03,0x08,
  0x01,0x02,0x04,0x0b,0x02,0x0d,0x01,0x0b,0x01,0x0f,0x01,0x08,0x03,0x0b,0x01,0x0d,
  0x01,0x0b,0x01,0x0d,0xd6,0x03,0x01,0x04,0x01,0x03,0x02,0x04,0x01,0x03,0x06,0x04,
  0x01,0x09,0x05,0x04,0x2e,0x03,0x0d,0x04,0x02,0x09,0x01,0x04,0x08,0x09,0x05,0x04,
  0x0e,0x03,0xff,0x03,0x20,0x03,0x01,0x04,0x02,0x03,0x01,0x04,0x03,0x03,0x01,0x04,
  0x01,0x03,0x01,0x04,0x17,0x03,0xff,0x03,0x1a,0x03,0x01,0x04,0x26,0x03,0xff,0x0e,
  0x41,0x0e,0xff,0x0e,0x41,0x0e,0x2d,0x0e,0x03,0x09,0x10,0x0e,0x01,0x09,0x22,0x0e,
  0x02,0x09,0x04,0x0c,0x02,0x09,0xd5,0x0e,0x02,0x09,0x02,0x0e,0x01,0x09,0x02,0x0c,
  0x01,0x09,0x04,0x0c,0x01,0x09,0x17,0x0e,0x01,0x09,0x01,0x08,0x02,0x0c,0x05,0x09,
  0x02,0x08,0x01,0x0c,0x01,0x0a,0x01,0x0f,0x03,0x08,0x04,0x0c,0x01,0x0f,0x01,0x08,
  0x02,0x0f,0x03,0x08,0x02,0x0c,0x01,0x09,0x02,0x0c,0x05,0x09,0x10,0x0e,0x01,0x09,
  0x17,0x0c,0x01,0x09,0xcd,0x0e,0x0f,0x0c,0x02,0x01,0x07,0x09,0x02,0x08,0x01,0x09,
  0x01,0x03,0x01,0x02,0x01,0x07,0x06,0x08,0x01,0x02,0x02,0x08,0x01,0x02,0x02,0x08,
  0x01,0x02,0x02,0x08,0x01,0x0c,0x01,0x08,0x03,0x0c,0x09,0x08,0x06,0x0c,0x01,0x08,
  0x02,0x0c,0x01,0x08,0x01,0x02,0x01,0x07,0x02,0x0c,0x01,0x0f,0x02,0x0c,0x01,0x08,
  0x01,0x02,0x05,0x08,0x01,0x09,0x01,0x01,0x04,0x0c,0x01,0x01,0x03,0x0c,0x02,0x01,
  0x03,0x09,0x14,0x0c,0x03,0x09,0x06,0x0c,0x01,0x09,0x03,0x0e,0x04,0x09,0x0c,0x0e,
  0x01,0x09,0x02,0x0e,0x04,0x09,0x2d,0x0e,0x04,0x09,0x0f,0x0e,0x02,0x09,0x02,0x0e,
  0x02,0x09,0x09,0x0c,0x01,0x09,0x54,0x0e,0x02,0x09,0x02,0x08,0x04,0x0c,0x01,0x09,
  0x05,0x08,0x01,0x02,0x06,0x08,0x01,0x0c,0x02,0x08,0x01,0x02,0x06,0x08,0x01,0x09,
  0x03,0x0c,0x04,0x08,0x02,0x0c,0x01,0x08,0x01,0x02,0x04,0x08,0x02,0x02,0x09,0x08,
  0x01,0x07,0x04,0x08,0x01,0x02,0x06,0x08,0x01,0x07,0x03,0x08,0x01,0x07,0x04,0x08,
  0x02,0x07,0x05,0x08,0x01,0x07,0x01,0x08,0x01,0x02,0x01,0x08,0x02,0x02,0x01,0x07,
  0x02,0x08,0x01,0x02,0x01,0x07,0x01,0x08,0x01,0x0c,0x01,0x01,0x01,0x09,0x02,0x0c,
  0x01,0x01,0x05,0x0c,0x03,0x09,0x05,0x0c,0x06,0x09,0x02,0x0c,0x02,0x09,0x01,0x0c,
  0x02,0x09,0x01,0x0c,0x05,0x09,0x01,0x0c,0x09,0x09,0x01,0x0e,0x09,0x09,0x01,0x0c,
  0x03,0x09,0x01,0x0c,0x03,0x09,0x0b,0x0e,0x03,0x09,0x05,0x0e,0x02,0x09,0x04,0x0e,
  0x04,0x09,0x03,0x0e,0x01,0x09,0x05,0x0e,0x03,0x09,0x01,0x0e,0x01,0x09,0x0b,0x0c,
  0x01,0x09,0x01,0x0e,0x02,0x09,0x02,0x0c,0x01,0x09,0x11,0x0c,0x01,0x09,0x0f,0x0e,
  0x05,0x09,0x02,0x0e,0x03,0x09,0x03,0x0c,0x02,0x09,0x02,0x0c,0x01,0x09,0x03,0x0c,
  0x03,0x09,0x0b,0x0e,0x04,0x09,0x01,0x0c,0x05,0x09,0x01,0x0e,0x04,0x09,0x02,0x0c,
  0x02,0x09,0x04,0x0c,0x01,0x09,0x05,0x0c,0x0e,0x08,0x01,0x0c,0x06,0x08,0x01,0x0c,
  0x07,0x08,0x04,0x0c,0x01,0x0f,0x04,0x08,0x04,0x0c,0x01,0x0f,0x04,0x0c,0x05,0x08,
  0x01,0x02,0x01,0x08,0x01,0x02,0x02,0x08,0x02,0x02,0x09,0x08,0x01,0x0f,0x02,0x08,
  0x01,0x0a,0x01,0x0c,0x01,0x0f,0x03,0x08,0x01,0x09,0x07,0x0c,0x03,0x08,0x01,0x0c,
  0x05,0x08,0x01,0x0c,0x01,0x08,0x01,0x07,0x03,0x08,0x01,0x02,0x01,0x08,0x02,0x09,
  0x01,0x08,0x02,0x09,0x01,0x0e,0x08,0x09,0x02,0x0c,0x05,0x09,0x01,0x0e,0x05,0x09,
  0x02,0x0c,0x01,0x09,0x01,0x0c,0x09,0x09,0x0f,0x0e,0x01,0x09,0x03,0x0e,0x02,0x09,
  0x01,0x0e,0x14,0x09,0x02,0x0c,0x02,0x09,0x01,0x0c,0x02,0x09,0x0b,0x0c,0x01,0x09,
  0x2c,0x0c,0x04,0x09,0x04,0x0e,0x04,0x09,0x02,0x0c,0x03,0x09,0x02,0x0e,0x02,0x09,
  0x02,0x0e,0x02,0x09,0x02,0x0e,0x0a,0x09,0x03,0x0e,0x05,0x09,0x03,0x0e,0x01,0x09,
  0x02,0x0e,0x04,0x09,0x02,0x0c,0x05,0x09,0x02,0x0e,0x04,0x09,0x02,0x0c,0x03,0x09,
  0x0a,0x08,0x01,0x0c,0x05,0x08,0x06,0x0c,0x02,0x08,0x03,0x0c,0x01,0x0a,0x02,0x08,
  0x02,0x0c,0x13,0x08,0x01,0x0f,0x05,0x08,0x04,0x0c,0x01,0x02,0x03,0x08,0x01,0x0c,
  0x04,0x08,0x03,0x0c,0x01,0x08,0x01,0x02,0x03,0x08,0x04,0x0c,0x04,0x08,0x04,0x0c,
  0x01,0x0a,0x02,0x0c,0x07,0x08,0x01,0x0c,0x05,0x08,0x02,0x0c,0x01,0x08,0x01,0x02,
  0x02,0x08,0x01,0x09,0x01,0x03,0x01,0x08,0x11,0x09,0x01,0x0e,0x0b,0x09,0x03,0x0c,
  0x04,0x09,0x02,0x0c,0x0c,0x09,0x02,0x0c,0x0a,0x09,0x02,0x0e,0x05,0x09,0x02,0x0e,
  0x01,0x09,0x03,0x0e,0x02,0x09,0x01,0x0e,0x11,0x09,0x01,0x0c,0x04,0x09,0x01,0x0e,
  0x08,0x09,0x04,0x0e,0x02,0x09,0x01,0x0e,0x01,0x09,0x02,0x0e,0x02,0x09,0x02,0x0e,
  0x21,0x09,0x03,0x04,0x2e,0x09,0x02,0x0c,0x01,0x08,0x01,0x09,0x02,0x0c,0x03,0x08,
  0x01,0x09,0x07,0x0c,0x01,0x0f,0x01,0x08,0x01,0x0c,0x01,0x0f,0x01,0x08,0x01,0x0f,
  0x03,0x0c,0x01,0x0f,0x01,0x08,0x01,0x0c,0x04,0x08,0x03,0x0c,0x01,0x0a,0x01,0x0f,
  0x01,0x08,0x03,0x0c,0x01,0x0f,0x05,0x08,0x01,0x0c,0x01,0x08,0x03,0x0c,0x02,0x0f,
  0x01,0x08,0x02,0x0c,0x01,0x08,0x01,0x0f,0x01,0x0c,0x01,0x0a,0x01,0x0f,0x03,0x08,
  0x04,0x0c,0x02,0x08,0x02,0x0f,0x04,0x08,0x02,0x09,0x02,0x08,0x04,0x0c,0x01,0x08,
  0x01,0x09,0x05,0x08,0x01,0x09,0x01,0x0c,0x02,0x08,0x07,0x0c,0x01,0x08,0x01,0x09,
  0x01,0x0c,0x01,0x08,0x03,0x0c,0x01,0x08,0x04,0x0c,0x0c,0x08,0x01,0x0c,0x01,0x09,
  0x02,0x08,0x01,0x0c,0x05,0x08,0x01,0x0f,0x03,0x0c,0x01,0x09,0x01,0x0c,0x01,0x09,
  0x02,0x08,0x01,0x0c,0x01,0x09,0x01,0x0c,0x18,0x09,0x01,0x0c,0x02,0x09,0x03,0x0c,
  0x04,0x09,0x0a,0x0c,0x02,0x09,0x01,0x0c,0x04,0x09,0x03,0x0c,0x24,0x09,0x0c,0x04,
  0x0b,0x09,0x05,0x04,0x27,0x09,0x02,0x0c,0x09,0x09,0x02,0x0c,0x01,0x08,0x03,0x0c,
  0x01,0x0f,0x02,0x08,0x03,0x0c,0x02,0x0f,0x02,0x0c,0x03,0x08,0x03,0x09,0x04,0x0c,
  0x02,0x08,0x01,0x09,0x05,0x0c,0x03,0x08,0x02,0x0f,0x02,0x0c,0x02,0x08,0x02,0x0f,
  0x02,0x08,0x04,0x0c,0x07,0x08,0x04,0x0f,0x02,0x08,0x01,0x09,0x05,0x08,0x01,0x0f,
  0x04,0x08,0x01,0x0c,0x01,0x0f,0x05,0x0d,0x05,0x0b,0x01,0x0f,0x01,0x0b,0x01,0x0a,
  0x02,0x0c,0x01,0x08,0x04,0x0c,0x04,0x0d,0x06,0x0b,0x02,0x0f,0x02,0x0c,0x01,0x09,
  0x03,0x0c,0x01,0x0d,0x01,0x08,0x01,0x0b,0x01,0x0d,0x03,0x0b,0x01,0x08,0x01,0x0b,
  0x04,0x0f,0x02,0x0c,0x01,0x08,0x03,0x0c,0x03,0x08,0x01,0x0c,0x08,0x08,0x01,0x0c,
  0x0e,0x08,0x01,0x0c,0x01,0x09,0x05,0x08,0x0e,0x09,0x01,0x08,0x01,0x0c,0x1f,0x09,
  0x02,0x0c,0x01,0x09,0x04,0x0c,0x0a,0x09,0x17,0x04,0x39,0x09,0x0a,0x0c,0x06,0x0c,
  0x0d,0x08,0x03,0x0c,0x01,0x0f,0x01,0x0c,0x01,0x09,0x01,0x02,0x03,0x08,0x01,0x02,
  0x07,0x08,0x02,0x0c,0x02,0x08,0x01,0x07,0x01,0x0f,0x02,0x0c,0x01,0x08,0x03,0x0c,
  0x01,0x08,0x03,0x0d,0x01,0x0b,0x03,0x08,0x01,0x0f,0x01,0x0a,0x01,0x0c,0x03,0x08,
  0x01,0x0f,0x03,0x0c,0x03,0x0f,0x02,0x0a,0x03,0x0c,0x01,0x0a,0x04,0x0d,0x03,0x08,
  0x02,0x0f,0x01,0x0a,0x02,0x08,0x05,0x0c,0x03,0x08,0x02,0x0d,0x02,0x0b,0x01,0x08,
  0x03,0x0f,0x02,0x0a,0x07,0x0c,0x01,0x0f,0x04,0x0d,0x02,0x0b,0x01,0x08,0x02,0x0f,
  0x01,0x0a,0x01,0x0f,0x02,0x0c,0x01,0x08,0x02,0x0c,0x01,0x0f,0x08,0x0c,0x01,0x08,
  0x03,0x0c,0x03,0x08,0x02,0x0c,0x10,0x08,0x01,0x09,0x02,0x0c,0x03,0x08,0x02,0x0c,
  0x07,0x08,0x01,0x02,0x02,0x08,0x01,0x0c,0x02,0x09,0x01,0x08,0x01,0x0f,0x09,0x09,
  0x01,0x0c,0x01,0x09,0x02,0x0c,0x01,0x09,0x05,0x0c,0x0a,0x09,0x07,0x04,0x04,0x09,
  0x06,0x04,0x05,0x09,0x08,0x04,0x05,0x09,0x07,0x04,0x05,0x09,0x0b,0x04,0x01,0x09,
  0x0a,0x04,0x02,0x09,0x01,0x04,0x07,0x09,0x0b,0x04,0x08,0x09,0x04,0x04,0x02,0x09,
  0x01,0x0c,0x03,0x0f,0x05,0x08,0x07,0x0c,0x02,0x08,0x03,0x0c,0x01,0x08,0x03,0x0c,
  0x01,0x08,0x0a,0x0f,0x01,0x0c,0x02,0x0a,0x01,0x0f,0x03,0x08,0x01,0x02,0x01,0x07,
  0x03,0x08,0x01,0x07,0x02,0x0d,0x01,0x02,0x01,0x0d,0x02,0x0b,0x01,0x08,0x02,0x0f,
  0x02,0x0c,0x01,0x0f,0x04,0x0b,0x01,0x08,0x09,0x0b,0x01,0x0d,0x02,0x02,0x01,0x0d,
  0x01,0x0b,0x03,0x08,0x04,0x0f,0x06,0x0c,0x01,0x08,0x01,0x0c,0x01,0x0b,0x02,0x0d,
  0x01,0x08,0x01,0x0b,0x01,0x08,0x03,0x0f,0x02,0x0a,0x07,0x0b,0x04,0x0d,0x03,0x0b,
  0x01,0x08,0x02,0x0f,0x02,0x0a,0x02,0x0f,0x02,0x0c,0x01,0x05,0x01,0x0f,0x05,0x0d,
  0x03,0x0b,0x01,0x0f,0x01,0x0b,0x01,0x0f,0x07,0x0c,0x02,0x0f,0x03,0x0c,0x01,0x09,
  0x01,0x08,0x03,0x0c,0x01,0x09,0x01,0x0c,0x01,0x09,0x01,0x08,0x01,0x0f,0x02,0x0c,
  0x01,0x09,0x01,0x08,0x01,0x0c,0x02,0x09,0x02,0x0c,0x01,0x08,0x03,0x0c,0x03,0x08,
  0x01,0x0c,0x01,0x0f,0x03,0x0c,0x02,0x08,0x02,0x0c,0x02,0x09,0x02,0x08,0x01,0x09,
  0x01,0x0c,0x01,0x09,0x01,0x08,0x01,0x0c,0x04,0x08,0x02,0x09,0x01,0x04,0x03,0x08,
  0x01,0x0f,0x01,0x09,0x03,0x04,0x02,0x09,0x02,0x04,0x03,0x09,0x03,0x04,0x07,0x09,
  0x02,0x04,0x01,0x09,0x04,0x04,0x04,0x09,0x01,0x04,0x01,0x09,0x02,0x04,0x02,0x09,
  0x02,0x04,0x05,0x09,0x06,0x04,0x01,0x09,0x03,0x04,0x03,0x09,0x01,0x04,0x02,0x09,
  0x02,0x04,0x07,0x09,0x01,0x04,0x01,0x09,0x0a,0x04,0x05,0x09,0x03,0x04,0x02,0x09,
  0x01,0x04,0x02,0x09,0x01,0x04,0x0a,0x09,0x05,0x04,0x01,0x0f,0x01,0x0a,0x01,0x0f,
  0x01,0x0a,0x01,0x0f,0x01,0x0c,0x01,0x0a,0x01,0x0f,0x01,0x0c,0x01,0x0a,0x01,0x0f,
  0x04,0x0c,0x06,0x0f,0x01,0x0b,0x04,0x0f,0x01,0x08,0x06,0x0c,0x05,0x08,0x09,0x0f,
  0x02,0x0c,0x01,0x08,0x03,0x0d,0x02,0x0b,0x01,0x08,0x02,0x0f,0x02,0x0c,0x01,0x0f,
  0x01,0x0b,0x03,0x0f,0x03,0x08,0x01,0x0f,0x03,0x08,0x01,0x0f,0x02,0x08,0x01,0x0b,
  0x03,0x0d,0x01,0x0b,0x01,0x08,0x01,0x0b,0x04,0x0f,0x01,0x08,0x03,0x0c,0x02,0x0f,
  0x01,0x0c,0x01,0x08,0x01,0x0c,0x01,0x08,0x02,0x0d,0x02,0x0b,0x02,0x08,0x02,0x0f,
  0x01,0x05,0x01,0x0a,0x02,0x0b,0x01,0x0f,0x04,0x08,0x01,0x0b,0x01,0x02,0x02,0x0d,
  0x03,0x0b,0x03,0x0f,0x01,0x0a,0x06,0x0f,0x02,0x08,0x01,0x0b,0x02,0x0d,0x03,0x08,
  0x03,0x0f,0x04,0x0c,0x01,0x08,0x04,0x0c,0x02,0x08,0x03,0x0c,0x01,0x0a,0x02,0x0f,
  0x02,0x0c,0x04,0x08,0x05,0x0c,0x02,0x0f,0x01,0x0c,0x03,0x0f,0x02,0x08,0x03,0x0f,
  0x01,0x0a,0x01,0x0c,0x01,0x08,0x01,0x0f,0x05,0x0a,0x02,0x0f,0x01,0x0c,0x01,0x08,
  0x03,0x0c,0x04,0x08,0x01,0x0f,0x02,0x0c,0x01,0x09,0x01,0x0c,0x03,0x08,0x01,0x0a,
  0x02,0x0c,0x01,0x09,0x01,0x0c,0x02,0x09,0x01,0x08,0x02,0x09,0x01,0x0c,0x02,0x09,
  0x02,0x0c,0x01,0x09,0x01,0x0c,0x01,0x09,0x01,0x0c,0x05,0x09,0x02,0x0c,0x04,0x09,
  0x02,0x0c,0x05,0x09,0x01,0x0c,0x05,0x09,0x01,0x0c,0x01,0x09,0x02,0x0c,0x01,0x09,
  0x02,0x0c,0x19,0x09,0x02,0x0c,0x02,0x09,0x02,0x0c,0x0c,0x09,0x01,0x04,0x09,0x09,
  0x01,0x04,0x02,0x09,0x01,0x04,0x05,0x09,0x07,0x0c,0x01,0x0a,0x02,0x0c,0x01,0x0f,
  0x02,0x0c,0x01,0x0a,0x01,0x0c,0x05,0x08,0x01,0x0c,0x02,0x08,0x01,0x0c,0x02,0x08,
  0x08,0x0c,0x01,0x0f,0x01,0x0b,0x01,0x0f,0x01,0x0a,0x01,0x05,0x01,0x0a,0x01,0x05,
  0x01,0x0a,0x01,0x05,0x01,0x0a,0x01,0x05,0x01,0x0a,0x03,0x05,0x01,0x08,0x01,0x02,
  0x02,0x0d,0x03,0x08,0x02,0x0f,0x01,0x0c,0x01,0x05,0x02,0x0f,0x01,0x08,0x09,0x0f,
  0x02,0x08,0x01,0x0f,0x01,0x0b,0x02,0x02,0x01,0x0d,0x03,0x08,0x03,0x0f,0x01,0x0a,
  0x02,0x08,0x02,0x0c,0x02,0x08,0x01,0x0c,0x03,0x08,0x02,0x0d,0x01,0x0b,0x01,0x08,
  0x03,0x0f,0x01,0x0a,0x01,0x05,0x01,0x0a,0x07,0x0f,0x01,0x0b,0x01,0x02,0x02,0x0d,
  0x04,0x08,0x02,0x0f,0x01,0x0a,0x01,0x0f,0x04,0x0c,0x01,0x05,0x01,0x0c,0x01,0x0a,
  0x01,0x0b,0x02,0x0d,0x01,0x0b,0x02,0x08,0x03,0x0f,0x04,0x0c,0x05,0x0f,0x02,0x0c,
  0x03,0x08,0x01,0x09,0x05,0x0c,0x04,0x08,0x03,0x0c,0x02,0x0f,0x01,0x0a,0x01,0x0f,
  0x03,0x08,0x08,0x0c,0x01,0x0f,0x02,0x0a,0x01,0x0f,0x04,0x0a,0x01,0x0f,0x04,0x0a,
  0x02,0x0f,0x01,0x08,0x01,0x0f,0x01,0x08,0x01,0x0a,0x02,0x0c,0x01,0x0a,0x01,0x08,
  0x02,0x0f,0x01,0x0a,0x03,0x0f,0x03,0x08,0x06,0x0c,0x06,0x0f,0x02,0x0c,0x03,0x0f,
  0x02,0x08,0x01,0x0f,0x01,0x0c,0x01,0x0a,0x01,0x0f,0x02,0x0c,0x03,0x08,0x04,0x0c,
  0x06,0x08,0x02,0x0c,0x02,0x08,0x02,0x09,0x02,0x08,0x01,0x0c,0x02,0x09,0x01,0x0c,
  0x01,0x09,0x03,0x08,0x01,0x0c,0x0a,0x09,0x01,0x0c,0x0a,0x09,0x01,0x0c,0x0a,0x09,
  0x07,0x0c,0x01,0x09,0x02,0x0c,0x01,0x09,0x01,0x0c,0x01,0x09,0x01,0x0c,0x02,0x09,
  0x01,0x0c,0x01,0x09,0x07,0x0c,0x01,0x0a,0x02,0x0c,0x01,0x0f,0x01,0x0c,0x01,0x0a,
  0x01,0x08,0x01,0x0a,0x05,0x08,0x01,0x0c,0x02,0x08,0x01,0x0f,0x03,0x08,0x07,0x0c,
  0x01,0x0f,0x02,0x0b,0x01,0x0a,0x01,0x05,0x01,0x0a,0x01,0x05,0x01,0x0a,0x01,0x0c,
  0x01,0x07,0x02,0x0f,0x01,0x0a,0x01,0x0f,0x01,0x0a,0x01,0x08,0x01,0x02,0x01,0x0d,
  0x01,0x02,0x01,0x0b,0x02,0x08,0x02,0x0f,0x01,0x0a,0x01,0x05,0x02,0x0f,0x01,0x08,
  0x0a,0x0f,0x03,0x08,0x01,0x0d,0x02,0x02,0x03,0x08,0x02,0x0f,0x02,0x0a,0x01,0x08,
  0x02,0x0c,0x01,0x08,0x03,0x0d,0x02,0x0c,0x01,0x08,0x02,0x0d,0x02,0x08,0x03,0x0f,
  0x01,0x0a,0x01,0x0c,0x01,0x0a,0x02,0x0f,0x01,0x08,0x03,0x0f,0x01,0x08,0x01,0x0b,
  0x03,0x0d,0x03,0x08,0x03,0x0f,0x02,0x0a,0x03,0x0c,0x01,0x05,0x02,0x0c,0x01,0x05,
  0x01,0x0b,0x02,0x0d,0x03,0x08,0x03,0x0f,0x04,0x0c,0x01,0x02,0x01,0x07,0x01,0x0f,
  0x01,0x08,0x01,0x0f,0x01,0x0a,0x01,0x0c,0x03,0x08,0x01,0x09,0x05,0x0c,0x04,0x08,
  0x02,0x0c,0x08,0x08,0x04,0x0c,0x05,0x08,0x01,0x0c,0x02,0x08,0x01,0x0f,0x09,0x08,
  0x09,0x0c,0x05,0x08,0x04,0x0c,0x02,0x0f,0x01,0x0c,0x0e,0x08,0x08,0x0c,0x03,0x08,
  0x01,0x01,0x01,0x0c,0x0a,0x08,0x04,0x0c,0x01,0x0f,0x02,0x0c,0x01,0x0a,0x01,0x0c,
  0x01,0x0f,0x03,0x0c,0x01,0x0f,0x01,0x0a,0x01,0x0c,0x01,0x0a,0x09,0x0c,0x03,0x09,
  0x01,0x08,0x03,0x0b,0x03,0x08,0x01,0x0a,0x02,0x05,0x01,0x0a,0x03,0x05,0x03,0x09,
  0x01,0x0c,0x0e,0x09,0x04,0x0c,0x02,0x0c,0x01,0x0a,0x02,0x0c,0x01,0x0f,0x01,0x0c,
  0x01,0x08,0x01,0x0f,0x01,0x0c,0x01,0x08,0x02,0x0f,0x01,0x08,0x01,0x0a,0x0c,0x08,
  0x07,0x0c,0x04,0x08,0x01,0x02,0x02,0x07,0x01,0x0f,0x01,0x07,0x02,0x02,0x02,0x08,
  0x01,0x02,0x03,0x08,0x01,0x0b,0x0a,0x08,0x01,0x02,0x03,0x08,0x01,0x02,0x04,0x08,
  0x01,0x02,0x01,0x0b,0x01,0x0d,0x01,0x08,0x01,0x02,0x05,0x08,0x03,0x0f,0x01,0x08,
  0x01,0x0b,0x08,0x08,0x01,0x0f,0x02,0x08,0x02,0x0f,0x01,0x0c,0x01,0x08,0x03,0x0f,
  0x01,0x08,0x08,0x0f,0x01,0x08,0x06,0x0f,0x02,0x08,0x01,0x0c,0x01,0x0a,0x01,0x0c,
  0x04,0x08,0x06,0x0f,0x01,0x0a,0x01,0x0f,0x04,0x0a,0x01,0x08,0x02,0x0f,0x02,0x08,
  0x01,0x0f,0x02,0x08,0x01,0x02,0x03,0x07,0x01,0x08,0x03,0x07,0x01,0x02,0x01,0x0d,
  0x03,0x07,0x01,0x02,0x02,0x07,0x01,0x08,0x01,0x07,0x08,0x08,0x01,0x0c,0x01,0x0f,
  0x01,0x08,0x01,0x0c,0x02,0x08,0x01,0x0c,0x02,0x08,0x01,0x0c,0x02,0x08,0x01,0x0c,
  0x02,0x08,0x01,0x0c,0x02,0x08,0x01,0x0c,0x02,0x08,0x01,0x0f,0x09,0x0c,0x02,0x08,
  0x01,0x0f,0x02,0x08,0x07,0x0c,0x01,0x08,0x02,0x0c,0x04,0x08,0x01,0x09,0x02,0x08,
  0x01,0x09,0x02,0x08,0x01,0x09,0x06,0x0c,0x01,0x01,0x01,0x0c,0x03,0x08,0x02,0x0c,
  0x03,0x08,0x01,0x0f,0x05,0x08,0x03,0x0c,0x02,0x08,0x01,0x09,0x09,0x0c,0x01,0x09,
  0x02,0x0c,0x01,0x09,0x02,0x0c,0x01,0x09,0x04,0x0c,0x01,0x09,0x0a,0x08,0x01,0x0f,
  0x01,0x0c,0x03,0x0a,0x01,0x05,0x05,0x0c,0x03,0x08,0x02,0x0c,0x06,0x09,0x01,0x0c,
  0x02,0x09,0x01,0x0c,0x03,0x09,0x02,0x0c,0x08,0x08,0x01,0x09,0x02,0x08,0x02,0x0c,
  0x0c,0x08,0x07,0x0c,0x03,0x08,0x01,0x0c,0x03,0x08,0x02,0x0c,0x03,0x08,0x01,0x0f,
  0x08,0x08,0x01,0x0c,0x02,0x0f,0x01,0x08,0x02,0x0f,0x04,0x08,0x01,0x0c,0x01,0x08,
  0x01,0x02,0x10,0x08,0x01,0x02,0x0c,0x08,0x01,0x0c,0x02,0x0a,0x01,0x0f,0x02,0x0c,
  0x01,0x08,0x03,0x0c,0x03,0x08,0x02,0x0f,0x03,0x0c,0x02,0x08,0x02,0x0c,0x03,0x08,
  0x01,0x0c,0x02,0x0f,0x02,0x0c,0x01,0x0a,0x01,0x0c,0x01,0x0f,0x01,0x08,0x01,0x0f,
  0x01,0x0c,0x01,0x0a,0x01,0x0f,0x05,0x0a,0x01,0x0f,0x05,0x08,0x03,0x0c,0x09,0x08,
  0x0b,0x0c,0x01,0x08,0x03,0x0c,0x03,0x08,0x01,0x0f,0x02,0x08,0x02,0x0c,0x02,0x0f,
  0x02,0x0c,0x08,0x08,0x01,0x0c,0x02,0x0f,0x02,0x0c,0x01,0x0f,0x01,0x0c,0x01,0x0f,
  0x02,0x0c,0x01,0x0f,0x01,0x0c,0x02,0x08,0x0b,0x0c,0x01,0x0f,0x09,0x0c,0x04,0x08,
  0x01,0x0c,0x03,0x08,0x02,0x02,0x06,0x08,0x02,0x0a,0x02,0x0c,0x01,0x0a,0x01,0x05,
  0x01,0x0c,0x01,0x08,0x01,0x09,0x01,0x08,0x01,0x0c,0x04,0x08,0x01,0x0c,0x01,0x08,
  0x02,0x0c,0x02,0x08,0x01,0x09,0x01,0x0c,0x03,0x08,0x01,0x09,0x02,0x08,0x02,0x09,
  0x01,0x08,0x01,0x09,0x02,0x08,0x01,0x09,0x01,0x08,0x01,0x0f,0x01,0x08,0x08,0x0f,
  0x01,0x0a,0x01,0x0c,0x02,0x05,0x02,0x0a,0x02,0x0c,0x01,0x0a,0x02,0x0c,0x03,0x0f,
  0x02,0x0a,0x01,0x0c,0x05,0x09,0x01,0x0e,0x04,0x04,0x01,0x0e,0x01,0x04,0x05,0x08,
  0x01,0x02,0x03,0x08,0x01,0x02,0x0a,0x08,0x02,0x02,0x03,0x08,0x01,0x02,0x08,0x08,
  0x01,0x02,0x02,0x08,0x01,0x02,0x04,0x08,0x01,0x02,0x0a,0x08,0x02,0x02,0x01,0x08,
  0x02,0x02,0x01,0x08,0x01,0x02,0x02,0x08,0x01,0x02,0x04,0x08,0x01,0x02,0x09,0x08,
  0x04,0x02,0x01,0x08,0x02,0x02,0x01,0x08,0x02,0x02,0x02,0x08,0x01,0x02,0x03,0x08,
  0x01,0x02,0x01,0x08,0x02,0x02,0x03,0x08,0x01,0x02,0x02,0x08,0x01,0x02,0x04,0x08,
  0x01,0x02,0x07,0x08,0x02,0x02,0x01,0x08,0x01,0x02,0x01,0x08,0x02,0x02,0x04,0x08,
  0x01,0x02,0x05,0x08,0x02,0x02,0x02,0x08,0x01,0x02,0x01,0x08,0x01,0x02,0x02,0x08,
  0x05,0x03,0x01,0x08,0x01,0x02,0x01,0x08,0x03,0x03,0x01,0x08,0x01,0x03,0x01,0x08,
  0x03,0x03,0x01,0x08,0x06,0x03,0x02,0x08,0x40,0x03,0x01,0x04,0x0a,0x03,0x01,0x08,
  0x23,0x03,0x02,0x04,0x0c,0x03,0x03,0x04,0x01,0x09,0x05,0x04,0x03,0x03,0x06,0x04,
  0x02,0x03,0x07,0x04,0x01,0x03,0x01,0x08,0x01,0x03,0x02,0x08,0x01,0x04,0x01,0x09,
  0x01,0x04,0x01,0x09,0x01,0x0c,0x01,0x09,0x02,0x08,0x01,0x03,0x01,0x08,0x09,0x03,
  0x01,0x08,0x01,0x03,0x01,0x08,0x02,0x09,0x01,0x0c,0x01,0x09,0x03,0x08,0x04,0x03,
  0x04,0x08,0x03,0x09,0x01,0x03,0x02,0x08,0x08,0x03,0x01,0x08,0x01,0x03,0x02,0x08,
  0x15,0x03,0x01,0x08,0x01,0x03,0x03,0x08,0x10,0x03,0x01,0x08,0x01,0x03,0x01,0x08,
  0x04,0x03,0x02,0x08,0x0a,0x03,0x04,0x08,0xaa,0x03,0x02,0x04,0x01,0x03,0x03,0x04,
  0x02,0x03,0x01,0x04,0x10,0x03,0x03,0x03,0x01,0x08,0x05,0x03,0x02,0x09,0x03,0x03,
  0x01,0x08,0x0b,0x03,0x02,0x08,0x01,0x04,0x01,0x09,0x0d,0x03,0x01,0x09,0x01,0x08,
  0x39,0x03,0x01,0x08,0x02,0x03,0x01,0x08,0x04,0x03,0x01,0x08,0x0b,0x03,0x01,0x08,
  0x43,0x03,0x01,0x04,0x29,0x03,0x01,0x08,0x28,0x03,0x01,0x08,0x01,0x04,0x07,0x03,
  0x01,0x04,0x10,0x03,0x01,0x04,0x03,0x03,0x01,0x04,0x09,0x03,0x01,0x04,0x06,0x03,
  0x06,0x03,0x01,0x08,0x03,0x03,0x01,0x08,0x2d,0x03,0x01,0x02,0x41,0x03,0x01,0x08,
  0x14,0x03,0x01,0x02,0x0d,0x03,0x01,0x04,0x36,0x03,0x02,0x02,0x0f,0x03,0x01,0x04,
  0x02,0x03,0x01,0x04,0x14,0x03,0x01,0x04,0x28,0x03,0x01,0x04,0x01,0x03,0x01,0x04,
  0x17,0x03,0x0c,0x03,0x02,0x08,0x0d,0x03,0x01,0x08,0x04,0x03,0x05,0x02,0x06,0x03,
  0x02,0x08,0x0e,0x03,0x02,0x08,0x02,0x03,0x01,0x02,0x11,0x03,0x09,0x02,0x01,0x03,
  0x01,0x02,0x01,0x08,0x02,0x03,0x05,0x02,0x04,0x03,0x01,0x08,0x06,0x03,0x01,0x08,
  0x01,0x03,0x05,0x02,0x0d,0x03,0x01,0x04,0x19,0x03,0x02,0x02,0x1a,0x03,0x06,0x02,
  0x02,0x03,0x02,0x02,0x01,0x08,0x09,0x03,0x04,0x02,0x0b,0x03,0x01,0x02,0x03,0x03,
  0x03,0x02,0x0b,0x03,0x01,0x02,0x02,0x03,0x03,0x02,0x02,0x03,0x0a,0x02,0x05,0x03,
  0x02,0x08,0x02,0x03,0x01,0x08,0x17,0x03,0x01,0x04,0x1e,0x03,0x04,0x03,0x01,0x04,
  0x03,0x03,0x01,0x09,0x01,0x04,0x05,0x03,0x02,0x08,0x05,0x03,0x02,0x09,0x01,0x03,
  0x01,0x08,0x01,0x09,0x01,0x0c,0x06,0x08,0x07,0x03,0x04,0x08,0x03,0x03,0x01,0x08,
  0x13,0x03,0x01,0x02,0x14,0x03,0x01,0x04,0x0a,0x03,0x01,0x04,0x06,0x03,0x01,0x04,
  0x02,0x03,0x02,0x09,0x41,0x03,0x04,0x02,0x01,0x03,0x02,0x02,0x31,0x03,0x01,0x04,
  0x05,0x03,0x01,0x04,0x02,0x03,0x01,0x04,0x03,0x03,0x01,0x02,0x02,0x08,0x05,0x03,
  0x01,0x04,0x04,0x09,0x01,0x03,0x01,0x04,0x01,0x09,0x01,0x03,0x01,0x04,0x01,0x09,
  0x01,0x04,0x01,0x03,0x01,0x04,0x11,0x03,0x0b,0x02,0x01,0x03,0x05,0x08,0x03,0x03,
  0x01,0x09,0x01,0x04,0x05,0x03,0x01,0x02,0x02,0x08,0x05,0x03,0x0b,0x02,0x01,0x03,
  0x01,0x02,0x01,0x03,0x03,0x02,0x02,0x03,0x02,0x02,0x0a,0x03,0x0d,0x02,0x01,0x03,
  0x07,0x02,0x01,0x03,0x01,0x02,0x02,0x08,0x02,0x03,0x01,0x02,0x01,0x03,0x02,0x02,
  0x02,0x03,0x10,0x02,0x01,0x03,0x02,0x02,0x01,0x08,0x09,0x03,0x0a,0x02,0x01,0x03,
  0x0a,0x02,0x02,0x03,0x02,0x02,0x06,0x03,0x02,0x02,0x03,0x03,0x24,0x02,0x03,0x03,
  0x0b,0x02,0x11,0x03,0x29,0x02,0x03,0x03,0x01,0x02,0x01,0x03,0x02,0x02,0x04,0x03,
  0x17,0x02,0x01,0x08,0x01,0x03,0x01,0x08,0x22,0x03,0x02,0x02,0x0a,0x03,
};
static const uint16_t fairwind_background_offsets[6]={0,2870,5360,8054,12126,15678};
#endif
